{"name":"Scooby","created":"2019-07-03T20:10:55.077Z","settings":{"physics":{"gravity":[0,-18,0]},"render":{"fog_end":1000,"tonemapping":0,"skybox":null,"fog_density":0.01,"gamma_correction":1,"exposure":1,"fog_start":1,"global_ambient":[0.5215686274509804,0.5215686274509804,0.5215686274509804],"skyboxIntensity":1,"fog_color":[0,0,0],"lightmapMode":1,"fog":"none","lightmapMaxResolution":2048,"skyboxMip":2,"lightmapSizeMultiplier":16,"skyboxRotation":[0,0,0],"lightmapFilterEnabled":false,"lightmapFilterRange":10,"lightmapFilterSmoothness":0.2,"ambientBake":false,"ambientBakeNumSamples":1,"ambientBakeSpherePart":0.4,"ambientBakeOcclusionBrightness":0,"ambientBakeOcclusionContrast":0,"clusteredLightingEnabled":true,"lightingCells":[10,3,10],"lightingMaxLightsPerCell":255,"lightingCookieAtlasResolution":2048,"lightingShadowAtlasResolution":2048,"lightingShadowType":0,"lightingCookiesEnabled":false,"lightingAreaLightsEnabled":false,"lightingShadowsEnabled":true,"skyType":"infinite","skyMeshPosition":[0,0,0],"skyMeshRotation":[0,0,0],"skyMeshScale":[100,100,100],"skyCenter":[0,0.1,0]}},"entities":{"a9e641ff-9dce-11e9-97ae-026349a27a7c":{"position":[0,0,0],"scale":[1,1,1],"name":"Root","parent":null,"resource_id":"a9e641ff-9dce-11e9-97ae-026349a27a7c","components":{},"rotation":[0,0,0],"tags":[],"enabled":true,"children":["e307edb3-f44a-470c-901c-4329bf4ce182","e65b8fe6-8027-4409-981f-03d6cdc3c924","e577972e-161a-48f3-aa8b-f922dc2c632b"]},"e65b8fe6-8027-4409-981f-03d6cdc3c924":{"name":"2D Screen","tags":[],"enabled":true,"resource_id":"e65b8fe6-8027-4409-981f-03d6cdc3c924","parent":"a9e641ff-9dce-11e9-97ae-026349a27a7c","children":["8f19872c-0dad-45c4-821f-8dbceba673f1","70b5621f-8f30-4827-af29-b86fcf9b88a9","6613fd09-fe99-4d8a-85cd-bed617f9da10","1302405f-5041-4f19-a77b-9461401cd3dc","058603c5-2418-45b1-8873-3a222f4d408e"],"position":[0,0,0],"rotation":[0,0,0],"scale":[1,1,1],"components":{"screen":{"enabled":true,"screenSpace":true,"scaleMode":"none","scaleBlend":0.5,"resolution":[1280,720],"referenceResolution":[1280,720]}}},"8f19872c-0dad-45c4-821f-8dbceba673f1":{"name":"Left Stick Base","tags":[],"enabled":true,"resource_id":"8f19872c-0dad-45c4-821f-8dbceba673f1","parent":"e65b8fe6-8027-4409-981f-03d6cdc3c924","children":[],"position":[0,0,0],"rotation":[0,0,0],"scale":[1,1,1],"components":{"element":{"enabled":false,"type":"image","anchor":[0,1,0,1],"pivot":[0.5,0.5],"text":"","key":null,"fontAsset":null,"fontSize":32,"minFontSize":8,"maxFontSize":32,"autoFitWidth":false,"autoFitHeight":false,"maxLines":null,"lineHeight":32,"wrapLines":true,"spacing":1,"color":[1,1,1],"opacity":1,"textureAsset":207380982,"spriteAsset":null,"spriteFrame":0,"pixelsPerUnit":null,"width":140,"height":140,"margin":[-70,-70,-70,-70],"alignment":[0.5,0.5],"outlineColor":[0,0,0,1],"outlineThickness":0,"shadowColor":[0,0,0,1],"shadowOffset":[0,0],"rect":[0,0,1,1],"materialAsset":null,"autoWidth":false,"autoHeight":false,"useInput":false,"batchGroupId":null,"mask":false,"layers":[4],"enableMarkup":false},"script":{"enabled":true,"order":["virtualJoystick"],"scripts":{"virtualJoystick":{"enabled":true,"attributes":{"enableEvent":"leftjoystick:enable","moveEvent":"leftjoystick:move","disableEvent":"leftjoystick:disable","stick":"6613fd09-fe99-4d8a-85cd-bed617f9da10"}}}}}},"70b5621f-8f30-4827-af29-b86fcf9b88a9":{"name":"Right Stick Base","tags":[],"enabled":true,"resource_id":"70b5621f-8f30-4827-af29-b86fcf9b88a9","parent":"e65b8fe6-8027-4409-981f-03d6cdc3c924","children":[],"position":[0.00003814697265625,-0.0000095367431640625,0],"rotation":[0,0,0],"scale":[1,1,1],"components":{"element":{"enabled":false,"type":"image","anchor":[0,1,0,1],"pivot":[0.5,0.5],"text":"","key":null,"fontAsset":null,"fontSize":32,"minFontSize":8,"maxFontSize":32,"autoFitWidth":false,"autoFitHeight":false,"maxLines":null,"lineHeight":32,"wrapLines":true,"spacing":1,"color":[1,1,1],"opacity":1,"textureAsset":207380982,"spriteAsset":null,"spriteFrame":0,"pixelsPerUnit":null,"width":140,"height":140,"margin":[-70,-70,-70,-70],"alignment":[0.5,0.5],"outlineColor":[0,0,0,1],"outlineThickness":0,"shadowColor":[0,0,0,1],"shadowOffset":[0,0],"rect":[0,0,1,1],"materialAsset":null,"autoWidth":false,"autoHeight":false,"useInput":false,"batchGroupId":null,"mask":false,"layers":[4],"enableMarkup":false},"script":{"enabled":true,"order":["virtualJoystick"],"scripts":{"virtualJoystick":{"enabled":true,"attributes":{"enableEvent":"rightjoystick:enable","moveEvent":"rightjoystick:move","disableEvent":"rightjoystick:disable","stick":"1302405f-5041-4f19-a77b-9461401cd3dc"}}}}}},"6613fd09-fe99-4d8a-85cd-bed617f9da10":{"name":"Left Stick","tags":[],"enabled":true,"resource_id":"6613fd09-fe99-4d8a-85cd-bed617f9da10","parent":"e65b8fe6-8027-4409-981f-03d6cdc3c924","children":[],"position":[-159.99995231628418,159.99998092651367,0],"rotation":[0,0,0],"scale":[1,1,1],"components":{"element":{"enabled":false,"type":"image","anchor":[0,1,0,1],"pivot":[0.5,0.5],"text":"","key":null,"fontAsset":null,"fontSize":32,"minFontSize":8,"maxFontSize":32,"autoFitWidth":false,"autoFitHeight":false,"maxLines":null,"lineHeight":32,"wrapLines":true,"spacing":1,"color":[0.39215686274509803,0.39215686274509803,0.39215686274509803],"opacity":1,"textureAsset":207380982,"spriteAsset":null,"spriteFrame":0,"pixelsPerUnit":null,"width":100,"height":100,"margin":[-210,110,110,-210],"alignment":[0.5,0.5],"outlineColor":[0,0,0,1],"outlineThickness":0,"shadowColor":[0,0,0,1],"shadowOffset":[0,0],"rect":[0,0,1,1],"materialAsset":null,"autoWidth":false,"autoHeight":false,"useInput":false,"batchGroupId":null,"mask":false,"layers":[4],"enableMarkup":false}}},"1302405f-5041-4f19-a77b-9461401cd3dc":{"name":"Right Stick","tags":[],"enabled":true,"resource_id":"1302405f-5041-4f19-a77b-9461401cd3dc","parent":"e65b8fe6-8027-4409-981f-03d6cdc3c924","children":[],"position":[-159.99990463256836,159.99998092651367,0],"rotation":[0,0,0],"scale":[1,1,1],"components":{"element":{"enabled":false,"type":"image","anchor":[0,1,0,1],"pivot":[0.5,0.5],"text":"","key":null,"fontAsset":null,"fontSize":32,"minFontSize":8,"maxFontSize":32,"autoFitWidth":false,"autoFitHeight":false,"maxLines":null,"lineHeight":32,"wrapLines":true,"spacing":1,"color":[0.39215686274509803,0.39215686274509803,0.39215686274509803],"opacity":1,"textureAsset":207380982,"spriteAsset":null,"spriteFrame":0,"pixelsPerUnit":null,"width":100,"height":100,"margin":[-210,110,110,-210],"alignment":[0.5,0.5],"outlineColor":[0,0,0,1],"outlineThickness":0,"shadowColor":[0,0,0,1],"shadowOffset":[0,0],"rect":[0,0,1,1],"materialAsset":null,"autoWidth":false,"autoHeight":false,"useInput":false,"batchGroupId":null,"mask":false,"layers":[4],"enableMarkup":false}}},"058603c5-2418-45b1-8873-3a222f4d408e":{"name":"Crosshair","tags":[],"enabled":true,"resource_id":"058603c5-2418-45b1-8873-3a222f4d408e","parent":"e65b8fe6-8027-4409-981f-03d6cdc3c924","children":[],"position":[0,0,0],"rotation":[0,0,0],"scale":[1,1,1],"components":{"element":{"enabled":true,"type":"image","anchor":[0.5,0.5,0.5,0.5],"pivot":[0.5,0.5],"text":"","key":null,"fontAsset":null,"fontSize":32,"minFontSize":8,"maxFontSize":32,"autoFitWidth":false,"autoFitHeight":false,"maxLines":null,"lineHeight":32,"wrapLines":true,"spacing":1,"color":[1,1,1],"opacity":1,"textureAsset":207381187,"spriteAsset":null,"spriteFrame":0,"pixelsPerUnit":null,"width":25,"height":25,"margin":[-12.5,-12.5,-12.5,-12.5],"alignment":[0.5,0.5],"outlineColor":[0,0,0,1],"outlineThickness":0,"shadowColor":[0,0,0,1],"shadowOffset":[0,0],"rect":[0,0,1,1],"materialAsset":null,"autoWidth":false,"autoHeight":false,"fitMode":"cover","useInput":false,"batchGroupId":null,"mask":false,"layers":[4],"enableMarkup":false}}},"e577972e-161a-48f3-aa8b-f922dc2c632b":{"name":"Scene","tags":[],"enabled":true,"resource_id":"e577972e-161a-48f3-aa8b-f922dc2c632b","parent":"a9e641ff-9dce-11e9-97ae-026349a27a7c","children":["0c1538bf-3bc6-423b-b3c4-93cec9f61c94","e93fac1a-854b-4559-b661-ec885c63814d"],"position":[0,0,0],"rotation":[0,0,0],"scale":[1,1,1],"components":{}},"e93fac1a-854b-4559-b661-ec885c63814d":{"name":"Light","tags":[],"enabled":true,"resource_id":"e93fac1a-854b-4559-b661-ec885c63814d","parent":"e577972e-161a-48f3-aa8b-f922dc2c632b","children":[],"position":[0,0,0],"rotation":[45,0,0],"scale":[1,1,1],"components":{"light":{"enabled":true,"type":"directional","bake":false,"bakeArea":0,"bakeNumSamples":1,"bakeDir":true,"affectDynamic":true,"affectLightmapped":false,"affectSpecularity":true,"color":[1,1,1],"intensity":1,"castShadows":true,"shadowUpdateMode":2,"shadowType":0,"vsmBlurMode":1,"vsmBlurSize":11,"vsmBias":0.01,"shadowDistance":100,"shadowIntensity":1,"shadowResolution":1024,"numCascades":1,"cascadeDistribution":0.5,"shadowBias":0.2,"normalOffsetBias":0.05,"range":8,"falloffMode":0,"innerConeAngle":40,"outerConeAngle":45,"shape":0,"cookieAsset":null,"cookieIntensity":1,"cookieFalloff":true,"cookieChannel":"rgb","cookieAngle":0,"cookieScale":[1,1],"cookieOffset":[0,0],"isStatic":false,"layers":[0]}}},"0c1538bf-3bc6-423b-b3c4-93cec9f61c94":{"enabled":true,"tags":[],"children":["514da945-7ec3-4443-8928-2eef927fa962","4a327b14-77c6-427c-9ea7-d0c88bf5d25b","0925b3c1-048d-4178-8b49-564f0da7a808","b5a448cb-1780-48d9-a99c-20b34efb02df","71fa036b-ff5d-40e7-9b5a-a974cd662362","22dfa88e-0c34-4881-b82c-459a73b5dff3","2b972c57-06cd-4ae6-9f73-e4c9529917cf","f22aa15f-66fd-44fd-a310-e1c80a8a2fee","26233dd5-94ec-4118-b697-889de7bb2c6b","c17ee7c4-d4ed-47d1-a302-b267a374139d","1dd96f14-756d-4724-aeb0-6074dd340d6c","3c419ca3-f7a7-4821-aa79-9fd6d0d426b5","e2c1467a-0d37-4322-90c5-dec2dfc30dc3","c69ca6c5-62c1-464a-a8c1-46298baaa07f","7c20c446-9eff-4011-a841-d99a6666f8be","d5b0c096-7322-4386-aa27-a9977b22a756","9a100099-8401-4822-bc04-5705789c3cc7","d9352350-5a93-4dc0-9f3d-00435b5b6f02","52e7bb7f-a527-4b9c-bb5e-46e840fabe34","5110ca99-fc4f-4fc8-a078-5639772073c0","dc7688ba-d358-4014-80f1-a4bbc0dddaed","5b0d7570-af50-42c4-be10-8923ae417d6d","ba59d43b-2004-4b7c-87ad-c51e76f5711f","17e93ac1-68b5-4f8e-ba78-d68487831cb5","736a1c9d-f072-469b-ba54-09e2b3070132","3bfd5869-afcf-49e7-89c4-58f4d1a56e91","c12a14c8-f1b3-4c2d-a703-3a218950b59c","8c02235a-b6af-4e2e-b1b2-0c76f5e9af17","ce2a27f7-b776-409b-8183-6e659bacddb7","dacf8728-dbe3-4230-99df-5c5704b38f10","0479c3cd-b1d9-4b37-9d6e-dc4361073bc7","edbc8f5d-6076-45ba-af77-c25454b67377","bcf5410e-23aa-469c-8b01-8aa1cbd1c5ee","29d18c86-d868-4951-87ee-e173d959b7e7","071e6f42-8bc3-43e3-82af-0279a044dc4d","5d6a5faa-03b3-45b1-8e32-c4d303c71d92","40f3f62f-fb1c-4e84-9b0d-17b195ae8250","49d8d953-9bb5-48d6-b10c-4373df1653c4","029acd63-b7fa-4c77-a040-9ccb4e403038","e1ed6953-77e5-43c3-8dae-f7c65000f294","e3d3d3d9-c877-42b1-a305-48d95e092a14","6b1e8778-85e2-4b58-9f15-4ca3f95b0696","f22c650b-0c5b-4f86-8541-ca8a317bdb4c","f757e7e2-74b5-486c-89bc-9d5df4ddea7f","a6884e4d-5898-42ea-89b4-4b58b7aea782","fa087850-3c82-425e-9def-acd3d4c3ba71","f09eb861-3d8a-4500-b03c-d58f4c552f26"],"position":[0,0,0],"rotation":[-89.99999999999999,0,0],"scale":[3,3,3],"resource_id":"0c1538bf-3bc6-423b-b3c4-93cec9f61c94","name":"lowpoly__fps__tdm__game__map","components":{"script":{"enabled":true,"order":["add-collider","addCollisionToboxes"],"scripts":{"add-collider":{"enabled":true,"attributes":{"assetContainer":207381281}},"addCollisionToboxes":{"enabled":true,"attributes":{}}}}},"parent":"e577972e-161a-48f3-aa8b-f922dc2c632b","template_ent_ids":{"0c1538bf-3bc6-423b-b3c4-93cec9f61c94":"ad965572-d97c-46e4-962d-7647e92de680","514da945-7ec3-4443-8928-2eef927fa962":"98affed0-fcb4-450f-ab90-61ebb6e25f2b","9a4183b8-2f63-4978-aa47-2257334d07dc":"50861002-d70c-4017-b67c-fdaed1b2613d","2da9e8e9-b701-4cfb-a9f3-fd365045400c":"bc018312-f8c0-4087-83a6-a96f477f16e0","a94b9293-45b7-481a-a0e8-356e12ea1a6f":"3852c3ec-fbf7-45e6-81ff-e7ed1e20a4fa","14308ab7-e9b1-4ab7-a284-5a21530d5a05":"da50376f-9d0f-4793-b1b7-4c1428a33d9b","48336cdc-559e-42ec-ae81-06f75c73a47d":"0b41131e-e047-4f73-962a-ba70f352c162","a8d1172a-ac89-41db-9ad6-81ae3c663251":"084b9955-2e21-4db0-8ec4-379707ecb01a","0b000214-01e7-47b8-b102-5f430f4c9abb":"33d6a518-d838-4f64-b866-5a2565bebe8c","74cebb80-ec71-4d25-8c9f-ca3b88605c6f":"427eb84d-9fa6-41dd-a307-6602fe9591ac","9644202f-711c-47f4-8b9e-d04897ce03e5":"03170526-2504-4f32-a01e-cd6debfcb789","e569db67-113c-409f-a25f-155e8275284c":"eb0c0114-dba8-4866-99bc-89cf24298bd9","a9e8080d-b89a-4e22-b9c7-dfcbe692bf0b":"680fe7cc-6810-4e5c-b2fc-a2add9b3be23","152785c4-7cee-40e2-938b-819e61c6ae9a":"87a71e8f-be4a-4ee0-9411-6f8308670b26","22a83a4d-0149-4fa5-9f38-d45859fb8320":"8011b50f-a310-42c1-b632-41220282d2f1","d62cb2ad-2e7a-4a4f-a0e4-f38c4e5ab22a":"bae0bf1b-c277-43b1-8d75-08f35aa55bbf","f593c94b-1b06-4151-8748-39d6aace9660":"8a37c327-9e04-411f-9eec-bd26d5c45c60","985500b9-8f55-402c-888e-4b56f1abd962":"3f85cf95-b59b-4656-b072-0955c807787f","420a5d90-6106-4641-a2e4-cd07c2441927":"b95bcbec-1b17-45fb-8879-33457bc00094","b8430263-d49d-436a-a670-4079498fce26":"132fab3d-b5aa-4acc-a828-2a262b43fdd0","74ae543b-7557-4c30-8ef4-5d7a0aaeadfa":"bca87782-2c32-4d25-8234-5d78d1d12ab5","40932483-562a-4c7b-a14e-4de37e83b969":"3e9032f3-c7d1-47c0-aff9-4dec991339c7","51200e2f-d032-4fa2-8e31-1bb52216c529":"b9f7f675-0737-4b36-a9d7-f44fbc1f91cc","bde17e49-5c77-4756-8662-7aa0c82991b1":"39c37ce7-9b3a-495b-9e21-8428a83229a9","bd43d811-206e-4133-860f-1e12990964e1":"7c60aff4-939f-47b7-ad87-ac805409b7d7","e8f75160-f496-475d-bc88-3f4776f4623e":"3ebab7b5-1748-48d8-8469-c4b41a317c2b","517c977c-2574-4dda-964b-7b65301c3efc":"442bc826-b6b8-4f27-8c03-4c9e019434b9","69b6a419-caa4-4ec7-9097-8bc7bf8fecfa":"0a62d5da-4884-4770-9dd0-828db7b80286","8775d01c-d354-446e-a1c8-fd51534030ad":"8c844e24-3955-4aa5-8243-0fa96ff4c6b5","4b28ee94-8851-4bbf-99d3-cb41d553bacf":"355cf62a-99a7-465f-9efe-62143b0c6eb2","d8064f47-4602-4bb3-9f5b-e39e1358552f":"bb489387-1229-43a4-886d-5bb94dc13e63","9f7faa1d-383c-42f8-a134-67f9c2d17172":"657dc91d-f38b-4c71-8715-0f356159a7bd","ca4f002e-921b-42e6-9709-6400c84eb20a":"c425ba9f-f30d-426b-9027-d4ca5b414af5","ed905b9b-f394-4246-9e05-471df656df9a":"585cb954-7d7a-408e-ad43-2db1ef39cdba","39d7cdb0-d2ba-47b3-b083-fe1952747973":"7e01f411-8492-4da3-8f1e-cc686b473ea5","33d8e903-3e06-4636-995e-3bb41bd16cc6":"5d9ab4f4-d9dd-4794-99de-9b73ed5e68a6","e97164ca-e632-4df2-83a5-be24bb892044":"a6a8fbc7-208f-46c7-af98-898ac003d15b","b80ad8ca-ab36-433c-9a7f-b2a6365d1200":"72fd7215-d5e3-47e8-802f-cd71b6e42143","21af721c-450f-49b3-b55f-666ad70e61f7":"14095bb6-ccc3-49b5-9c5f-fb4d346d578e","d995c1dc-7fd3-4586-81b2-613f193878ba":"0dbcd66a-5804-43f6-bfc4-8fdea6d9f34d","8e4baf63-d3df-4207-91d6-e3b0bbf94af5":"29c9c03c-8a4a-414e-8f18-b83e9f4409d7","9354c4c0-ea50-4c96-826f-0d1a4d9c6df2":"40046ece-e316-4678-9e7a-d5cf88870c5d","0660b56b-7d74-4daa-8bcf-7f1559c324f3":"f7b5b287-00bf-4e72-b208-d0854fc123eb","287f616e-5376-42b5-aa72-3bc98affea34":"a63a6ce2-5fb6-40e7-81e2-40a044ce1994","285e3f69-4e5c-48cd-a5ea-99c9664aa889":"a033f9ea-4a4f-42ba-bf1f-927314db2fef","a144236c-0262-4cce-87e8-00d30c436d1f":"cbb208b0-c248-47ea-82ac-d1df60e30c1b","18663b14-b393-45ac-944a-8eeafd3bf209":"a23b89d2-7d9b-4175-a7f8-5d651794f69a","a20631f0-a6a4-4eef-b361-4985834c93f8":"64f3811b-7143-4f76-b123-96e1b263e8a2","ea42e48c-c2dd-40e0-95dd-2095ccdfffaa":"7764f800-c257-4452-b73c-fcda467f0ce2","17ed4204-549b-49e7-8b73-05da7cae274e":"54c8b1b8-53b8-40a1-83e6-9bd8485c33a0","9fe8add8-2483-4fb3-bf15-8262b2557fe9":"cd0aece6-5143-438d-b14e-7cf8fbb41f06","8e049212-0fff-45c8-b9f3-91fa1baaee45":"40618c1f-4b46-4044-a662-b7997b9fb66f","249d7bd9-aa4f-46d5-9735-5bae93a0e974":"2120e1e6-ff28-49b5-8cc3-21264a67be20","4d590474-90fa-4efb-b4e6-ba4f4f8a1664":"3f2d5db7-94de-40ac-b242-84b334f8115d","c5aa147d-02b8-472d-b29c-a6ce80728031":"d61792b9-31c9-44e7-8b40-2f0e14162d96","509d350d-48c2-4c82-a9a2-504ca4342755":"a9b69093-21a6-466b-a28e-80802e57f607","500b57ab-bd24-41b3-b278-01295a567128":"dc1097a1-a223-4e11-a523-6263f0b0ae8b","492fd478-8440-4ffd-91f6-edb4fb5b4424":"5b6c05cd-adec-4c50-a880-400354b666af","7edb73b5-fe3e-4b43-9b7b-cf4b170cd0d1":"16cbc030-b2d2-456f-9792-36ec70097321","72391c1f-8c48-4c50-821e-6af8dece6229":"cfc9c5f3-dd82-405f-bba0-b11873536d85","77cd5815-6607-4715-86fa-ecd2c6923c0c":"c2283ef1-a754-47ea-8010-69dd79cb5e63","561b9ce9-c1b8-4267-b1e5-0d72f26875cd":"47a296f4-169b-418f-9336-e74364b7bc44","cfd8e06c-3e74-40c0-9f03-ea1d0410bbec":"000ddddd-557a-480f-ae87-70e3d50a62f6","ae739474-a019-4fa3-b1a7-f48cf80a28f0":"95d4a629-c6d6-4a00-bb5f-75cc2db85837","fff07558-714b-41b3-965b-49361b3bcdd9":"ce9abefd-df13-4c0d-bd49-c720488747ae","b12b4313-b982-43d2-bcb2-1e019729eafa":"d51e3d82-bfdd-4bd0-b93c-18cd431afc9f","8b30e882-bb4b-4dcf-acc0-676d31cbe94c":"b73066b4-28d9-4dad-8ce0-31136f7a3894","f57cc91a-7dae-4f84-b602-a2c4464f7b8c":"8ab264d1-1562-4f78-b1e3-f0c62a6a4b08","7dba13a1-20e6-4bfd-9d62-6632724f1126":"bd5d1a99-f336-4be2-9bd3-dd21fbd185bc","c4903ae0-d33d-43dd-89dd-f3a586c6faf2":"50dd5e34-e526-46cb-a4e4-55b37c6dc39b","f9507bde-fdfc-4ac0-8554-c198c13c2b3a":"75212647-0a34-4cda-b0f3-d61bdf7abf25","9d49eee6-2760-4c62-9887-c856d3692997":"10e699f8-ed92-4da5-a4f6-5812b09959ca","63214b1c-3dc5-40f7-a5d0-3a73b184c0e3":"81888f54-9f6b-4f6e-87d9-737c8eea9a7e","7b21f915-f677-4a3c-8099-518f199075c8":"be4ab154-fb2e-4406-a9cf-9363ba9062ba","98d72fe2-3460-488d-a328-eeae5feb713e":"342248ae-0be4-4255-9b9e-a4d9446b16c6","41c77910-16ee-41e9-a842-982c2935633b":"d52e5513-4a8f-43aa-ad73-64956ee31581","0975d6e4-c664-433e-ad82-65ee0f52ad0f":"980eba3a-6aab-43a6-ab6c-4bf1f3b49f22","1b36b5b5-2e4f-41e5-a81d-68a74595c6e1":"05858124-db2f-4c11-af38-4bc22bfefff0","8fb85ab2-e7d4-4a7f-803b-f8e5b1704263":"f21b3335-18ca-419f-b2f5-21d6b57ef308","587afa46-6587-4ac1-b674-4785d43692a5":"cbf4c5d2-af3f-4020-be49-3e30b602c82e","8575ac7c-63dc-480f-86c7-30b406175040":"7b6387f9-5ac7-488f-8c17-03ec6945a46e","34bd0378-68c7-43f2-97a2-127aa0144ec4":"b17321ef-3def-4da8-be1d-3fa0a14c4343","d077c0bc-b91f-4058-b10e-d7b729feca2f":"93f88426-9fef-4937-99db-8aa42235fad0","b534d54c-942f-4136-9867-46836e11a5e3":"648f4d14-3c16-4f94-9905-2aabef737159","22e0b154-13d4-4c50-bfd8-9f600fd02f51":"8bd617a6-3ad2-4176-9e7b-c7316c4ae9a1","7127c7a6-5a06-4b2e-94f1-fe430253a1cd":"35d94a91-7902-47fd-afa8-0e152a1e7d25","93afb9a6-75b9-4c8d-96f1-470ba739d1ff":"cfe9fce8-3092-4f27-9654-b42d3e501d57","5bc8fcb7-14e9-4cc8-9a0c-dd178d80833d":"4b440eee-58c7-4471-acc8-655bfa9b4fd7","81309596-914b-4f71-9799-b3af98718fbe":"ba5fd0e0-78d7-4c3d-b968-725ac562b6b4","5f6075aa-39da-4077-97f2-c51c4604a2aa":"6cda43b5-d156-44fb-954d-92dd07bf935f","4d9f0fbf-43bc-43a8-8b0e-e690ce3090d5":"1c4e5cd2-5f82-401f-af60-2d0cde623abc","1526798b-c6da-4cf4-b13d-a33f96c75ce2":"0e818349-2587-428c-a878-1f3a92231ccf","3a29f8fe-dbf5-4240-89d2-c8c7bf3ff2e8":"faf80d15-40df-4391-8b1d-6ef0c533d071","0cd3f754-1341-462b-b91c-8239fd489dbd":"ada160f6-f736-4257-ab07-410f060f90fb","ecc73e69-5752-4e3d-a791-8a87b4fafdb4":"b24d9568-ed74-4ac0-9364-1900e9237b17","d33e3d67-2785-470d-b409-9f7755af17a2":"5f8f8788-a020-40d3-b60c-7a840868a2a9","8f23d798-2347-4421-a8ef-28f4c85104a2":"985b15a3-ad7b-4a82-a085-421f3ef24d5a","2712cdf6-c694-4fbc-b362-d15a7f995fb3":"70272bd6-463a-4ba9-a35f-dfa38dd6cabc","9e90f9fb-c855-4113-8722-56bb776814c8":"db07dec9-9fcc-4072-909e-6a656573be33","f270ee1e-63d2-422d-92c3-dd33aa337fd6":"5d81dde4-3851-4cae-89d3-5d37e780f78c","41795d8a-8daf-47bf-a29b-f703609a08ee":"b2aa027c-ed05-4344-a947-9e28df76c4dd","5c0b756c-54c6-49e7-90f5-47270678b956":"b7b5585f-d8b2-4c3b-ac16-b30b6277b9a1","22902fe0-eae9-46b0-9186-ae0a20773542":"41ca77de-60ac-40f3-be02-ba2070a54e19","9d59ca1c-9956-49b6-9876-fa864b067f1d":"029bc424-0403-40db-84b0-b4e5f250e1ff","b25a44f4-1332-4ae0-8bcb-56171af2603e":"5c2a02e3-6a68-40f2-a2b6-14e7170e7e54","52e35871-05f2-4168-bdf9-989fe0168f61":"fb4274b2-ddad-4c4f-b4e8-cad5140c7776","eb4e88a6-7a8a-4a46-903c-d621c0fe605d":"160d6449-bd09-487e-a940-cc1f65349ae9","1be0a55e-58d7-4096-90f1-9276e0b06b60":"64b515ea-80d0-445e-bac0-3151df4c97ea","dca3f382-d19d-4c6b-8a44-e125ceb76e71":"1c263abb-a6ed-4529-8bbc-570dfabe2866","2c85d09a-641b-4788-ba6d-d2bab67b3112":"c8e8309e-0747-4627-aad3-dc13c1e18b9f","67c3904a-4e06-46e0-8cb2-53cd57010b34":"11ab06aa-e38a-4584-98ad-bb92039edad6","3928b230-947b-404f-a2a9-f5c89cf402a8":"e4c69416-1aac-408e-b4eb-ce9efcb88c9b","4eb495c9-429b-44f5-a99e-6074dceededd":"b95a4018-38ee-473b-9b2d-1cca4b9b6dab","9bfda146-53db-4322-a3ac-9c2c70d4ea4a":"54738ad1-aa02-4dcd-b28f-a99e6ab5f048","d939104e-0e0b-47fc-b00e-86077f468283":"6f02a62e-904a-4ac0-b395-228b8da39626","84db93bd-88a7-4ad8-863c-bbe8c47abbfe":"18b7e687-d82a-4b96-8657-916ea0e06608","07dc144f-0d4d-4ac5-a1c6-4a59625edf91":"4e746963-05e4-4977-9ec4-99008778bc8c","2456aec7-4518-457f-96de-90970a3dd47b":"59f12f68-4581-4bcd-9c13-ad66b6d9474f","ae785b22-5f43-4b71-8c27-324ae5352fa6":"e50063e0-1333-4b26-9ace-6265ad21d25b","df32640a-d900-473c-a1c9-30f1a8acdd0a":"917f30ac-9e35-41cf-b957-d4a68a234b4b","d16d5a89-89d8-49d0-b442-8b5832c87781":"d4f2907c-4cb8-491a-8f03-581c32bba35a","6f62a97e-3000-40aa-bc01-3b4cf304923f":"712f9934-8e3a-4c6a-8054-aab3b9a6569f","5d0db8c4-2787-4043-92f7-101588a08f48":"4d67a08f-eb51-4cb3-9587-a4b87866bf3d","7edf232a-1c65-47b6-acef-758f4f6402b9":"2def7b0a-e888-4a97-bb39-405d53f4d0ad","c666eed7-c92c-4bb7-9da7-6ad182a24501":"5aef83bf-8098-4546-bc52-2e8b341d1803","cac1007b-bec8-497b-ba4c-e24449cc2120":"966d857d-d7e7-4be3-8845-03ec2a3ea67a","1028b7f6-b2b4-4dd6-92cb-983e0c60fee0":"1644529c-8b7b-461b-bb01-873794a8530a","6c3c50f1-b58a-4a40-9df6-d6f7a708495b":"1930d723-5dc5-4746-a9ef-ceba8fd135b4","8d2cf9a8-2d12-46e1-9552-619fade4d917":"2cc2442b-5acd-417c-a246-0b4eebd8fa90","fc785596-108d-44ef-a932-e83394c2a300":"8a108bfb-a859-4e04-b012-d97dd1fe844e","ba89a70b-3987-4ff3-b448-84a893c7882e":"eb22e063-b04e-4e90-8f24-7f2958225257","69bd6827-5630-4c5c-84d9-d4a193bdde43":"22b72534-5c10-4bc5-8def-0f0fb5784ada","9b65ce3e-5d66-43ff-a227-17882f4f1a21":"e3e64650-0293-4dd3-b2a3-cb0c46a0552b","0a08e473-6491-48fb-ab30-42339d6c4493":"143afb8c-d05c-41bf-a108-5f260aab7213","2876c9ac-92f0-414f-b927-4f2e35ce63ba":"201a5bc8-0025-489a-98a4-2f1e8d1db852","906bcd45-bff7-4b55-a934-41005838074c":"ce86ede5-6f6e-43fc-9955-0ffb6d6dbd64","69c0b322-939d-44e8-b04b-d3c309dcafdf":"275daebb-390e-45c0-956b-358a2a99e1c7","ceb82273-be17-4547-8773-a4cd569ab3fd":"33f4ba5f-165f-47ca-a978-47772413502e","d5a13bb9-d3fc-44b5-8e29-993047d1c21a":"a0d68e2c-08ca-4390-8d85-6163a2cba3cc","e7948cf0-5fc3-45c9-9b16-329ab41e31c6":"8db2f1e7-9f87-4127-91fa-03e228026c29","d64a2f00-fe9a-45d4-8679-2d35a158948c":"74f6af8e-f830-45e6-a106-48d2cd72d5f5","99f30be2-7112-4aab-b8fc-29b3a611f4f8":"8d361777-d7f7-48fa-b95f-acdff222f274","64fe2d98-d93d-4d09-a4ce-8746d9b61915":"accf0ee7-58ff-4d97-8c3b-996bac4b5c17","3c97eff6-5280-4797-bfd0-14be86ff10f5":"567d911a-9f14-492c-849b-cb580c42be53","77f2f07c-f867-4e80-ab06-3fdbc40a57e8":"58920d24-bdb5-44ed-8942-23543fdc6b3c","0c4fe802-fa81-441f-9ae7-47749a9a90f5":"84ba6e87-05e8-4f65-aecc-d7974ec74ea5","1bd7e04d-3e96-470f-bee9-4a4daeb4d993":"68f5e7a3-1ae1-4118-bf76-942858995ed6","02dcf252-0175-4d17-adf9-59ca478ebd50":"2e106268-d1b1-4cab-b850-ac91e4e73c19","5349cd03-5b3d-43de-ae70-101670690fbc":"fb75d497-6172-4f25-896b-ba903c969433","fe35e81f-f095-43cf-b64b-da1cbe8d91ed":"f95b893b-d490-4ac4-b608-a0b9a20f0be1","39f17307-f639-4627-ab10-f1675761eb51":"1c8aec6b-82b4-4fb3-a168-bf65abfa6592","1ff6a531-1d41-4fb8-b1dc-bf9e159018b8":"439b1ee5-73ef-4f16-b07b-9de17ba2eafc","46cc3296-cf3f-46ce-880b-a1fac0776e77":"b81bed00-19f1-4da4-8919-bd52b0c771f6","8505a7a5-9454-4cb6-a2ed-1a2680c5bbeb":"375746d3-f02b-4d92-abb7-b57cdf89ccaf","d4d07ec3-d63c-4833-b187-9b3c78b240fb":"fb3d7bf9-698d-4ef6-971c-554258763a89","f620c872-d286-421c-93bc-934c6f583072":"7932c884-27ce-4f54-8b30-eca05c9450dd","7772d042-c170-490e-8ce5-d0f05438098a":"cefa40b2-9107-4947-bd3a-24d54deaa14b","85e9353a-78a1-4290-b8de-0a7a13d7cf8b":"d70146d7-ed23-4547-a7c7-19f315d5ed9f","7e0c5f9d-5328-48f3-8890-961ea2ed0098":"6e85eb9a-3d5c-45be-848b-d335e3ac108e","75c418e8-b399-4f45-84ad-479f25692c61":"368edaf7-dbf9-47f4-b486-c61df68a1db3","84e54d86-1f91-49aa-8fc0-bbff6409cccc":"34e2784a-d6e7-4eff-97e5-63eceb470197","c75c799e-7b80-4f93-a22a-9d02cf2c4963":"5a3ad08d-21ea-447f-badf-557865b44b0c","2e467a9f-de12-4c48-93e3-997165bf5fee":"4548fcfb-1d47-4ed2-9b17-6236e35a57de","d5b79b8a-a4d6-4ec4-b3ce-0608abb5365a":"957a3c7e-8487-49aa-b025-dc9e9e32404c","e9d3e0eb-f581-4097-b711-06eaacf9ec9d":"c814d06f-c70e-4b6e-b2ce-6b92162d3cba","336ef9c7-6f34-47c2-8962-8cba0bc1ff42":"fc7d3bcb-a873-4591-a407-e2191d346719","55929655-6b09-4287-a49d-90e477d6622c":"7045b04a-46e9-4663-af5c-d0bf635f99c7","ddb221a9-3daf-46ae-a071-773b341f2170":"ea080342-726f-4af6-b30c-66b83526be3e","9debe515-2094-40c9-b518-943c3260f66d":"7501879e-74b2-4fdb-9d42-9a43f0320d3c","c144da2c-aba6-41de-aa83-44f9e5587850":"85a5ee23-3743-460e-a2fe-25f7acd84e85","348bf451-f7b4-4726-954d-1242c2d41e83":"2eac3a32-fc95-456e-92be-d2675bbaef97","35ebe097-a772-4a94-8dee-6f929f365440":"98505348-adea-4345-9db5-55a8050d2798","9a39ab97-910b-4c03-8182-4d3eccc027ed":"db142379-0ea4-44c1-8f08-5d6c7e7aad55","2fb2aa74-d23b-45c7-8fd8-3eb1f19927e4":"bda23969-8604-4c4c-bb02-af5ac86e955b","0eca9f78-d65e-4fa1-92ff-2f2982da7662":"278f29df-331e-4160-945c-afda2f58f7c8","ae04d039-413b-4829-8d5e-35b8715ab95c":"87e93a7c-b768-493e-93cf-fe26b73f30c7","773e9196-81aa-4103-afde-7b3a1d9fbc99":"55be843d-87fc-40a5-a001-b5622621c529","ebd521e8-54a1-40e7-a17f-58645124ee74":"094aeb7a-9053-431c-ad76-32548976cff7","084b7c4b-14f5-40ea-8a5c-3cb53bdc2de5":"f6d804ba-1b32-4b9e-9b72-cc4ccfa3bc53","cad64e26-ad2f-42e2-9ca8-9b43c2bc25d9":"b52793b3-7bcf-4ebf-afd7-b78419098296","afe56c46-5928-478c-bb42-7e263cc82d0f":"d87d34ed-7f7e-4deb-96df-58e6cd68d109","79e69e73-311b-445d-a71e-a68edd19e7bb":"12f29f5a-b58c-443c-bf3f-06220208671d","bdef41ad-d5c0-4f29-a2c9-0d8b1ef00ded":"e9ae243a-fcc4-444d-bbe3-3652b76ad33b","d9c2b321-01b0-43d1-959c-a29d8138d5e5":"b8c99b8d-6f0d-4978-9cfe-8fbcb219192d","f066dd4b-46d0-42cc-9e7b-09e7189017d2":"7afc68c7-f6d5-4a29-b0c8-dcf4ab0153c6","bc55c867-e7c0-41ce-955f-f7a697ac950e":"20f45c47-d24c-4c8e-8695-95d109f45385","d8f7c503-d96b-4dba-9c9b-681f0913267f":"42af55bb-4753-4dda-9096-dda92ea40b44","d6de5a87-8800-431d-aa39-9577f1731cb3":"d5fe662b-5f8f-4e08-93f8-f4b24d548a31","1e844d47-bb9f-4ef5-ae65-0c5df4ff86a4":"dddd2bcf-e32b-4e32-aafc-a7daf0a2b8b1","70bf8bc1-5062-4333-a98d-9f8115b99bb1":"7b7e6f25-5043-474c-9628-733d6f600ef6","e8843d60-0f5b-4e7a-9feb-beebadf0c3a2":"5793a66f-dba7-46fa-b57a-d58d6c1293c2","0c92c666-1d5a-48b7-aeb1-f394abe30f6f":"1b4e74e3-8ae4-4f39-ad9b-fd8129975cfb","76a32691-86bf-41f4-8cf6-81cdf9a27c98":"8c886f1c-c0cd-4e6f-8ff7-442a597eac0f","10860e83-2335-4454-8bd5-a93fc7ccc056":"a0ec5d2f-0e0a-478a-b889-57535241265c","3dbc8328-fcd1-4d19-9ef5-1abbb7602dd2":"88168c9e-ebbb-414a-ad8d-5390a43d26e5","a8766ae7-6199-438f-b31f-13ce7b721ad3":"b82eb244-3921-4dd5-8470-19dd4c74672e","60c02b3d-61bd-409a-84f9-cbfeb7b2074c":"06f3175f-1c9c-4aa6-aca6-8358700a9491","7928c13b-c5eb-4cdf-aaf6-93e5102e3be9":"5856d7b7-1120-40b8-9841-62ebeb630595","06682e5d-c2a6-4c91-bf88-fc5b3db39e5d":"7bf65935-c88b-4813-8695-d36ef79830d8","73f334cf-493f-492e-b016-6591dbc5eaa6":"575df93b-511b-4210-9688-3bfe72995970","f92f18d9-9a7b-43dd-9bd7-6b7b5b2fa775":"cc81d69b-fcf2-4685-8b1b-c2c9d6af2fa9","953ba017-0def-4386-98ff-4104bc538f03":"476b1916-5662-46cd-915b-aba71acc8f27","00e25a70-fcfd-4c6f-b331-cc3fad9a9c75":"04ca7e04-5f88-4401-a75e-ec0d17ca30de","843e2f2e-b403-4ba5-a1ef-f2659f214aaf":"4f8fe6a3-9bab-4927-b708-b882ca0b1cf8","f43f1956-5340-4812-b916-a5c79b2b6786":"7e7fd659-78aa-4c9b-a2fd-317eb0b44c05","2e409f11-1fc4-45ef-a0ae-f71fffe1ff75":"7483baac-fbe8-4064-84fd-dfcc676c6757","d81af3b5-5ff7-4fae-af36-87dbff3cc85e":"afbba0fa-3749-432a-adf5-ba567bd2cb59","2d1f9cfb-0539-4a53-8429-d585a80386f9":"25d6def1-d267-44bf-bb92-5e212a4f684f","57ed524e-19ef-413a-be47-2599de8cadee":"0e4cc2cf-21b6-4832-89d7-05c659c70ef1","94737980-22d6-4995-8d44-5d9abfa5a4e6":"83f8b150-baa9-4c19-9f35-eafd75344160","5fa3d360-71a8-47d4-80ba-dfbaca70f705":"6f563b87-48c6-4b79-ae58-83da3d0b102e","ac3b1c22-7fb4-465d-b230-016156f1c088":"49c1c2a9-44ff-431c-826f-358438276f11","9634c01b-053f-4221-80db-326e3c4cb378":"f0a73632-204d-4357-a655-087cc1745c9a","d5371469-180b-4d36-8b98-dc355609d691":"ab826186-bc4a-4198-b395-cd51784db7f1","186f5397-4775-4ddb-a4ca-9304c261b311":"1a278b7e-a76a-4f89-b88c-9a7b0bfe960b","2d574248-799d-4a13-9288-0dde8cd44e7e":"2dbd00d8-dffa-4d15-a898-d25cbc8d0949","d28fc4d8-8afa-4f9f-bc87-dea7cf52571a":"be8d3220-e081-40e5-82e1-3f9b015a2f63","ef212ba3-4bc4-46ec-8d55-31d43843fbcd":"0483c914-fc9e-42db-b3fe-3636085680fd","fdf9a392-6a33-43cd-9cbd-2fbc8df7c9a5":"2b6416ba-cb2c-4728-8377-2968a28a50f7","f81b3be0-d19a-4e04-b1e3-394eaad502fa":"ff45a280-2f7a-47ed-973a-c23d9091a376","7ff5cefd-dd30-42e5-918a-eee5b4671f3a":"b7435e59-ab9c-4741-988f-3918d3d83a3f","d3b056f0-8d74-493e-bad3-686b930f506e":"86746d71-b550-4bec-8263-68721157c71d","c292bbe0-2cc3-4918-80d4-35be9c06257f":"8cc9993d-a802-43dc-ace1-a45beb769b5f","7c1abd32-76e2-457d-b644-aaec2abf52a4":"858b9928-8b85-48a0-b5c4-23942b2c4dd8","838f2898-61f3-4662-a653-0ea675dd41a1":"9ed853ca-1351-4dae-8e6d-1489843ee4a5","e5e32e16-1694-4ff2-8ebf-35daddfeac91":"640df7de-1cff-43db-85d8-b6c5e4937a78","97ccc7da-b743-4a66-8562-bbb8fae847a6":"ce37ac12-3898-4575-90a4-76feb91613fa","216efeab-a19d-4d9c-98b8-6b8312d59f9c":"931370c5-d21f-4f4d-bfaf-8b2e6177506e","8f0c5210-2f82-4756-a5f9-53a848663f62":"b2845a45-41ee-47b5-a739-1b7fac42efd8","411dff00-a065-4f9e-bb2e-b29e85450b5c":"50435731-92e8-4af4-aba3-6f5e65d1ea5a","b5a741f6-0436-47cc-8767-ab20938bcc2a":"6a52fd2e-739a-4d6c-b441-7f4a4a44c1d0","a8a4bd09-dcc0-4eb3-9a5f-370749f94bcb":"81f6e329-ddcc-4df4-9522-bb6f06459795","20a1cf91-6095-43eb-8eeb-72818a850c2e":"b95bc94a-37f0-4f11-8e97-61dd0c6a6187","75edcfaa-778c-4b51-ae20-937c3cd5f819":"892aa32d-0983-487e-ac85-ab652d1f5acb","86d1c203-4da9-4653-a495-2ad1401d7a2e":"a8b19f81-41c8-4f32-8582-818707cf80f2","6925b837-e93b-45a1-887e-d6ce48b3260b":"5869ab68-fdba-4502-ae6b-7a2ec1238b63","12f92d8c-067c-4fce-8b79-e95a8c65f8d4":"f9b1d984-cfe5-4766-b5e9-2c443562202b","3c81bff7-950b-41f1-84f4-1a3a6836e951":"b5aa7a0f-8d63-48b8-8bd3-a83a7d8404c3","36982f78-50df-4dd2-bcb5-37fdbe954cd2":"0a50e8fb-88e4-40f9-bf76-318fc4eb63dd","c32a5ddd-a80d-406d-91ce-f4a6c44efe5b":"b09b2364-09ae-492c-81ba-d58197e027a2","7431b572-4901-42ba-9753-d161333f6ec9":"a134a77b-24d5-4199-a2bb-ad40f8d568f2","46ad49a8-8adf-4d09-a7f9-74a4d886654c":"b85f29a1-3983-43e0-8400-b4ea396a3ba6","db057da0-b3b9-45f6-a998-c4f1f8cec1c9":"adf8d3c9-0284-4983-8bfe-0bfb5ff37d1e","32fb56f0-8522-4e24-86c8-403557d6f20f":"587be412-cb3a-4f41-a839-91dad7de6b27","b1954b9d-2810-4634-aca1-d9bf5dfb68ea":"e857ba6a-53d8-4f9d-834b-a4cdf485998e","ede15cd1-afc8-4112-b15f-e918ac6c04a5":"440df51a-9689-4404-aaa8-9db9c3fe185b","e564d8ea-2a6a-4580-8358-0d33e64b26a5":"7c95be84-ea09-4b64-b88d-a6b9bb883ba7","9d788d27-372f-4150-a9d4-056b4fbcdf55":"3f77f91f-4ff0-4de5-a40d-87816478d863","9e09ac1d-1c0d-4889-970a-a579083f0705":"6793915a-2ff2-4db7-b11b-65d83855d30a","7be65f5c-8417-43a0-a612-d6446a154e01":"02339ab3-ab6d-4868-b53f-b44abd68cf3c","9237842e-160b-48e4-9a14-1cea07a068d6":"f5f4de36-f0ee-4af6-90fd-0100e0bdc7a3","d9a6410b-bace-496f-9ff6-d8af57fbf3ad":"500170fd-528d-4db1-a5f8-01818942c1dc","699d253f-5e44-4bf3-b92d-0360b45a65b2":"85ef6a25-faaf-4213-a26d-201af23b45f0","aff75f22-52eb-430c-a6da-dfd3af28e374":"88b5a010-e141-417c-96fa-cb538c8521a3","145be79e-bda2-4d56-aea4-26331104464b":"574ce6a3-1c5a-499e-96ae-259062dda253","a71bf14e-28bb-4ab6-896c-228709c6ba37":"3084fef3-cddb-49f8-9714-ce1fca6ac582","cdefddcc-db97-4af0-837f-d5b11f82ad85":"b3134e34-0a9f-4d10-aa26-bfda79487310","30796995-2f12-4c69-95e3-27c116e5301a":"2b7b981e-aa04-4c24-a294-e531baff4c87","ed01dc09-5926-40a0-a5e5-8d08d2e37283":"323b2691-a299-4d49-99ca-2189a96c36a6","a71a9381-798a-47b2-b543-104a13425901":"b980b6de-b3bc-4a38-8bf6-1f60c7e14ebf","1cac8430-b1ef-4cdf-a7e3-c01ac33dbc0b":"d7fcb735-30bf-46d5-8b00-565a29052482","69e7481f-71cf-41c0-ac5b-9ad701ffbc6f":"3c1acd09-1817-4c08-9a18-11f89b323a60","83a12583-b4a2-4cba-bd00-b38aaecdea0b":"6ae1a0c3-a791-4467-a34d-08c7a1d9efa4","d5eaafe0-2ccc-4b6b-a8d2-3da4deb34691":"fd507b9f-1938-498c-880c-252f53956138","95815c45-eabc-4c90-8043-bcfcd29c1087":"0086cb46-9931-4879-b1d8-ceb41c8d323e","ee892116-bc0e-432a-9865-fb8d49cdb551":"dd639990-8b09-45a4-98cd-5ed7e354ec95","527b1b97-bb7f-4716-9964-0c0a2704b51c":"e7270858-e04a-4c24-9be1-e09fd91220c8","dae81d8e-d329-4252-b84f-471bbd262cbe":"802610f7-28b4-4159-a7c4-715859257761","b055af05-c614-4cf8-aa9f-3b2ada384f0c":"976e3692-4447-4340-9f01-b095e42b18b5","87989391-671c-4f20-beba-05637578ad49":"2cb53dc5-710a-4cba-9709-b54e36a5dc6c","27b6bc78-9fc8-4077-a8f6-0b418a3e836c":"dbfaea7a-b2ff-4827-b7f1-248ce9139fa4","b573c031-3c61-4774-a9ee-87357e4c7df9":"d79be99c-e6b7-47d1-a4de-98f18377b542","2b23e942-5be8-4a82-953f-c5c713d4494f":"c9881b7d-c70c-47c7-bc4c-81a0463b19c4","6578297f-b8f4-4265-9cff-9fc53354c07e":"723ee484-df58-41f3-8fb6-89191d38f3e8","d2a3091c-65ff-4102-b6af-23c2f87b2278":"94c09825-ca28-4587-ac26-e85402183526","57396958-4190-4f0c-a981-c503413b25a3":"e435c819-6f89-4147-a33a-157815a7442b","1ccea87a-c102-4d71-b0b0-4b49b47963a2":"b258a9ec-3b4b-4361-abe1-ecac4db25384","3b0764f7-f4af-45f5-b974-3cd460729c18":"e4233fa6-9f9c-43c3-a975-1cb12fec50ed","5d5f7e8f-acb1-40ab-b898-3726c7d77f25":"c1174db9-2541-453e-a20b-73553066485c","d002994f-6e48-4460-afa0-617975e3b481":"1abf1220-b1dd-4dfe-859c-5ac48546b668","41d575f7-4421-4ee1-a530-a586b0e84cdc":"58b1d55d-8a88-483d-99ec-d9a23d1e44ba","871152c3-c4eb-4723-8ecd-e3ca232e1b12":"85fcd7e9-1154-4005-a0be-ee46769b05b7","aad4cdfb-76fc-48f2-ad87-8d4c0b276fbb":"c58660a6-d99d-4337-a928-72814564f476","2a40e293-a9b1-48bd-976d-e9911c83a019":"c314682a-98d1-4ff3-9fc8-ed271496c1d8","c7f33448-44b0-4a6f-83cf-89bcfcda2c70":"1135e842-2b55-45d1-9c19-6facc56587c6","c98fdc53-2d2b-464f-ad37-328a250418cf":"1d7a9375-75c1-452d-89ff-c11156445745","c5d89ac1-18a0-4847-bb1e-d0711df65d58":"bf287d38-f698-4229-b75e-cdcc4e0ed308","2515b344-fe2a-4030-9e75-62c865b18a76":"c4b09ee7-e148-4db7-a885-36b11b5ffa08","4c2bae2c-5565-4e52-a685-ab944a81f39a":"916e2aae-dad7-4ea9-9fd0-707ecc8feb63","81717103-d1ce-44bf-b8fc-df55482b1e8b":"70328c75-2d97-4deb-b707-e4cad10d6be4","2ac1e4f3-2f53-42ff-9a81-0e91f8b5cf88":"88a6481f-17d9-4e84-a9df-feddb9151652","b330d6a7-fce7-41cd-b30c-49fc32aaf2ed":"09f1be8a-06b7-4e1d-aa38-0687f2e6ffd0","8fa51d92-b920-4cba-b6c9-6f9ee58accfb":"82876556-9ca9-4a38-b82b-b0cefbfcb8e6","6865e461-49e5-4982-a6b1-51976f79292d":"e7310835-2e8c-46e7-839b-ebbba92c0fab","8850030c-0f4c-417b-8134-8f56753fd5d9":"826fb6ca-f2fc-449a-b247-ea92cb677fea","448bafe6-438d-4645-932e-85719180f030":"fd1d76e5-b3ec-48ad-8381-a69b15d9d17a","8e96c0b2-4852-410c-8dba-a01053bbf937":"aa15c14a-fd43-4d56-b6d1-1433c3cd8fb9","162e69ec-f6dc-457a-bacf-edb9f4824e25":"4c96f225-e716-4e43-8012-9d5cf1219fac","26823cf7-8e42-48d3-ae82-3039ea9040f4":"faeb61bc-e97a-4eae-990c-13923687ae3a","80ce9867-a748-4d06-acdd-30334a763719":"9c20d819-bc10-41f0-ba99-037b360b98ed","f2201174-c4d8-4b0d-a23d-9157bf108f28":"7442af77-0a2a-465a-8b01-ab98972212c3","31a07241-58d6-4840-8f43-a83f9ea23917":"03c457e6-0fba-4958-81ff-3fa25e196df5","a9aee052-fe8a-4942-84e5-fcb73fefd4ad":"4c0ccdbd-ee94-43f6-af8d-6986b2014b88","b31acbca-afd2-4edc-b1d8-56d7f07bbd27":"88c51454-95a1-4f1b-b633-1506f2e7297d","275c287f-5a5c-4fee-8f1d-e8e71c399aaa":"d35092ec-0b0b-47ea-a326-15da43602b74","a945150d-34be-43cb-a02a-d98060764ce1":"e8bcb559-bcf4-420e-85cc-e502ebe69861","96c3d239-6fdb-451b-950c-92ed1c6223c1":"8a7a8973-0a63-499e-9383-99b299f68735","8ac76d43-bd9f-4c04-b8db-f9d8f65e1b4d":"4ef839d2-e898-43a4-9db3-1958050d1a75","a7e629b8-26cb-4324-b9fa-324ac2c6176e":"534ff5e5-f22a-4037-bd4f-1df1d6fcfdfe","91af375d-bae2-4a86-a9a9-8647dfe89c4a":"9c3ce0a9-8cff-426e-9da2-d6b4b159e59e","f7810046-07bf-4d81-bcb2-cbab89933f2b":"3648eb30-6ed6-4c18-aa6a-3a9dd99a67e1","35cb809e-23db-4ba9-87d3-9afd6f0a2c1c":"b1efb1f6-92f5-4345-8055-b89535e56cde","d605f6c6-8e7a-4093-be20-7d38adea82d4":"dd887738-0d2d-4f03-97f3-c00be4144af6","2374b605-62dc-44ed-89e7-99dfd017c248":"f5baed73-a506-47cf-afe3-e4a201b2046e","346bb530-2db4-40e0-8037-5c1007336c55":"77396422-cdc7-4dd8-8285-2e69cc148224","9767a4f8-8162-4abb-be3a-2d0b1411459a":"beb867c8-0f33-4f47-8916-18729c81a17b","606b98a3-26c8-4d99-b6b6-c6b3063283ac":"e346f33c-e594-448c-8b41-767a36488f35","bca481c9-3aab-4888-8824-b240eece0edb":"730a1be9-c7c9-43b4-84e0-76dc14b87ba3","fe5621ec-3e0b-49d1-a15a-cad9ed6c3579":"a0432425-a760-4ef8-9e7b-18c9bbcb65a1","1b62d530-2643-42e8-ab05-1136d97cc600":"bbcc6820-24ff-4f62-b8cb-112dea2b23bf","7c6e1817-2fc5-4a31-8cb8-7c498816b004":"5df1fb60-b549-4926-b236-4d9c3fd4ed51","02540f22-a250-4c7a-b7fa-7a9e7340d328":"a56e85f3-56bf-4255-87e0-e3ed79d496b7","7a708ab7-8c4e-4039-8796-9fd7757619d2":"aa8c9f85-d83a-4560-9970-d20ea07ccefb","6a91a1c0-72f3-4e1e-9fd0-8edf50a42ce4":"a5af1812-112f-45b7-a559-08325d698f09","912896af-addb-475d-b412-db0e6c808de4":"17f184d2-a061-474f-8b1f-890cefa4b8e3","919d0622-dc3c-474e-a0b8-e9af40a6b5b7":"c5c3d486-e6a9-4920-b930-2db301907081","94257215-b78f-4d18-a331-aef7588b40c9":"971a2494-c7cd-4743-b6db-17757cb462b1","6fd419d8-87d6-43f2-8fa8-03ea916cd2e6":"c86972f8-efc8-45f9-9676-3388adcb2138","6e1ac5a1-991f-479f-9e18-b15c1455966d":"ffce271d-ab04-48b8-878a-e805fede3b44","52d85697-6cfb-4b6e-a82b-695d2a9eee3a":"b159036f-7d42-4fe0-8fe8-b3710575675b","95438a87-f4a1-4669-bfcc-7d632b34e7e6":"6848e6ff-5d4d-43cb-8153-23197ab551c9","cf058dfa-c3e1-452c-84fb-65e3b8de6bc6":"d66cc118-0ae0-4cb5-9b4e-c49fff3956d9","7cf4709d-0172-40a8-8d8c-28aab5b5fb70":"c4b890d7-2d42-4105-9d70-62a14ae3b344","bece86cd-a113-40b4-9906-c1e0c9e3987d":"29b1106b-1ae4-4ee6-ae02-f053bba47970","94113199-a7d0-4be7-9004-624c53e21dc8":"3e8652c6-7b86-4093-ad76-e2a3a2bbdfdb","ab2d7825-2195-46a7-9605-eef294ae9b75":"e8d57260-a019-4839-9c6b-3812a6f3da2c","98e59656-0424-4bc6-af97-6a3d3aaf6004":"f3657a69-6c85-41a2-bf6c-e33be99e6ba0","81b61249-73ee-4284-8170-2869de07bf15":"a19c3e80-ded9-40f8-9a48-ebc4f16f3f00","d150f5a4-5696-4285-ab4f-59f68a13e49b":"7906740d-5ebe-4e4b-adee-77502dd10fd6","df12c039-50a3-443a-8c93-e740badc54d7":"141fec56-df1c-4811-87f7-5379101ded0c","54d74a46-2d83-492a-865c-03c91ce52b2a":"4956f972-a752-4b8c-ac53-5a1cb089713c","fb3939b0-5d97-483e-9d90-69c8db2dbebe":"24bf9b90-059f-4efd-acce-5bb030ae62c0","8dcf8c90-2a74-4dde-aafc-e9d6d794fc58":"0efb3d32-fc28-48b4-8f72-eb317acb9f7a","f8a28c82-4ef8-4a1d-91ca-8b010064d946":"debb3c9d-4488-4033-ad34-017da3b33437","b84cae40-c7bf-4519-ac69-84f8d0d59030":"5b68eca5-68a8-406a-9087-26301a35768b","13aad030-ccc9-404e-bcda-3c29b155ef3d":"0157c1bc-3605-4782-b408-7b5faaab61ec","865f57a6-15ff-4c82-90ad-1004a64b9a3d":"2e6b5d45-cb7f-4791-8a45-c69c48e6a93e","c7a666ba-a894-4d3c-996b-ef5f260ee588":"7ce77178-dcce-4af6-8ddf-876bb05970dc","8fe5837e-a4f3-41ac-9e04-8d39b181aa5c":"4fb8f315-95c2-46fc-8787-02fb4a949b21","7264df60-ade3-44b3-971b-caad7542bb21":"220bf8df-6d21-49dc-8540-91cc8e21e4d1","18a59b5e-9d48-4094-ad06-78ae260c1ef6":"4859d5f7-03ca-4ab8-a95d-13214a57bd95","e582b435-9b50-406a-94a1-142e82ffc2b0":"c4f2de65-1d86-4e92-a133-afc635026438","eee39da9-1c09-486d-9ef8-f24de4c9f7ac":"906fea27-a1e5-4058-8b0d-fe60258cc196","94fed2f3-15e4-44ee-ba28-3647ea4ccf29":"e41a8fa6-6da2-4a8d-9f06-c652e662cbfc","a582d828-122b-48c8-af3c-ae81b79954d7":"2ed4cd56-a9fc-4855-b660-a7597e7e63cd","f537a610-9d6e-4022-9482-792ac4dd2330":"114c4e9a-90f8-4bc0-9928-e4b10828c3ea","df4acf48-55e8-4e55-a9c7-7a8dad6fce88":"51a904e2-c6b7-4796-9065-cec46edb68f2","088a43d9-e8b9-41ce-b62b-030e301b77e8":"611722fc-1722-4f53-a71f-02d357f7909c","0dcde7dd-ce7a-4814-ac54-29cb75918a6f":"c8ffe454-e755-41c6-b9fd-ee9373cda0b9","76819b7b-73b0-4641-be92-68e363e8452d":"7530a222-861a-4cf7-9a67-2951c8e07cef","87118d4e-d776-4d9b-8032-ce3739177f6d":"3af29b1e-700e-4215-9e85-a9e497e9a003","581a353e-0360-41de-be05-8c84696e1510":"2b2b346f-5da1-4a7b-b7ad-06a79b3d8830","a9401d1a-53e9-4411-8085-34f8399e2a90":"d1fbbc1e-4f89-4766-8679-1f27da749980","e63ec95f-c27f-4f88-823e-3e3aac7dd58f":"d1db8fb4-b624-44a4-9d9a-a78d8d0113c6","d04946bd-cc57-4dae-96bb-f469c4eda41c":"a9a4251a-77d8-48ca-9cd4-64d41f34f608","3ec428de-6c53-4c38-988b-a889aed5d6d5":"83e8626f-64ba-4a0a-8549-41e4df19db70","b274240b-9738-4d8b-8c95-5ca1e08fc071":"d51c29cb-971f-40ab-8b39-2b39469fd247","d6ca9e77-316f-4d2a-8eaf-ad16f95983ae":"eabeb09e-1b25-4bb0-8178-6da79537258e","20967b64-cf08-42ee-95cb-c7c5506a9bcb":"6ef8be53-b78c-4dbc-b9a7-7d5d5b9ce4ef","127dbf70-c805-48e9-a456-61499a832b0a":"246e1486-cfc3-4cfc-b10c-04e0d852c02b","e252f156-28ce-4a6c-bcc6-b4ed0fd923fc":"7281b827-85f2-400a-818f-0bb223b50fdb","d179f258-9717-4985-bbfd-85747ec73b21":"7ee227a6-cbab-446d-88d8-9f5e7b0a36aa","12b1e123-eee3-4dcd-b114-1c6bd085cb00":"e76ed701-b466-4b67-87fd-b1ccffc73ed1","51e79f8e-8b41-4177-ba26-b685be18058e":"984421cd-1cc7-4aa9-a198-95d499b1ab7b","146669c9-f77a-4829-bc01-008f0b7a3474":"ee9a80f3-8a65-4618-9ce3-d3e7673949a6","c2d3d17b-4ad0-4199-affb-5a2aae87b0ad":"163d15e1-425b-4296-b34a-6972a4f5448f","a8868d94-00c8-4bf7-be00-44bec30e43db":"9bc086ed-3932-4d22-8a0a-d4ac6b3c5a7d","d2c53c45-1403-4883-8cc8-f22e6c6b76af":"6a605ef7-29b1-455b-ad86-494731116746","0ffedf50-092e-46b0-85db-d1d745bffcf7":"6f70f3bf-7d47-465e-a31c-bc2038797f32","accad5b6-3968-4087-8ba8-c81fb4962e95":"1245630d-a710-46db-98e6-de08fbeb8999","9aa0a89f-2dba-4bcc-9f67-cd355c5d8e28":"5df5a6bf-911b-44a5-9ad7-d02a1906d0ab","139013f3-9e42-494f-a3f0-891df496a159":"8f6a4fe6-5b4e-4b60-b29b-2f6dd0204f82","0b6d30b1-b29f-4ca3-85fd-6786f2c77b5f":"1e461f08-08f7-4607-8f6c-3b1639cf9556","c764be01-4ec3-47a2-9b64-0050f362ff53":"9b9a0b63-a315-4c3d-a78a-9b2d8c9add70","2a7aec2d-d221-43ca-8b13-f47b98db094d":"52f35761-d659-4337-a9bb-7b016b4fdf07","97a43a15-890a-42c0-993d-64f3ea65cabf":"04f2da81-fd3e-4f5a-8c72-282718efbd9d","9a676fa8-a507-403c-a672-43d1070c8fb4":"668af718-dd06-43f7-bd78-8447daec8e96","8713d4cd-62bf-4825-86d1-8c749792d8c2":"3558e999-31a3-4120-ab7b-1c3079171748","6f0a3243-72b2-44cd-b4c6-b26b9c6651c7":"5192f4e8-fed9-4231-a108-30b092cc3c8e","9317cf74-6121-4980-ac39-0240da088579":"f243f9d2-8114-4e42-8ec8-5787f4503049","cd1cd688-069c-42e8-bd4e-a3fad1031f2b":"d9e2d79a-9ddd-4cfd-b368-33c52a98a356","1e374d93-e736-4b2b-a117-722ae429b79b":"287dcab0-9f8e-4970-8ba6-6192f3f634c7","e374b2b6-fd22-48d1-9e0a-1176056dbe53":"b5df1e23-de67-4c0c-839e-625593b762ad","41645aec-d8f9-4b58-88ea-2a52b1096b68":"acdb6731-73b2-4f01-a23d-f215d099f910","c18fa4ce-562f-42af-9e50-eb3c848c13db":"5011e2a0-30cb-4b41-9f42-a5f0c0d9fa9d","7d40a3cf-7a8b-42c0-9134-52c1125d5615":"40216b8f-8eaa-45f0-bedd-645af40146de","a3fbe936-53a8-4064-8e5a-456fcba7408a":"9b77fad5-5eb8-4c9b-905c-843376168e92","10482879-18de-42f6-a679-9a22b2093b5a":"955e23ac-c62b-4a4e-87e0-a9f53f489326","f20af92a-1c7c-4a64-b4b0-72f4880fa537":"4235286e-7538-4444-b31f-e7bffcfb835e","a0aa1944-3a3e-49d0-a9fc-a89d5bcfe744":"85619542-cc39-4c27-8c1c-7faea254aaf7","6086df5b-650c-4394-89d2-2e91572d10bf":"fa74853d-ac06-4dca-8db2-26807438d7f1","8b500caa-1d32-4216-a780-39baae424ac2":"097dd264-bec3-481b-b2a6-996224de34cb","23404967-1511-4d10-87fb-17476fd6d16a":"ba15c380-ed3b-45aa-89e3-d5e169c2bdb6","ca66f114-63b1-4543-b5c6-bfa29ee15d97":"0e61cd77-22c4-4f54-93ec-2dbfd911dde7","bdc2416a-2359-4205-996a-e368b25cd367":"c886c029-a408-4af0-b2a7-8efd469baec6","06f4a86f-d3f0-43d5-aa71-3e0984ae0418":"ec5816bb-de1d-493d-906f-fd3c60c04814","4cc01377-6a9e-4570-9951-04e7f00baf12":"faef6d13-5387-43fc-a5bb-26654c9fcdbf","c7325c32-d1d2-4553-86ce-4aad36b9b69a":"f68912cb-1272-46e7-89c2-8bdf6c4f8091","29c368e6-a4fc-4ed0-81fa-a20eed12af7b":"6e5afd00-f147-45d9-bdd2-5941f0c58eeb","ab7ccad7-730e-4f15-9104-a9ddb858a92a":"9aa17a58-f0b0-4b5f-a97d-47e05f04949a","7b6ff86c-548c-4558-b885-924b27d45e9c":"f5edb233-af01-43a5-84ac-04fdbc48a9b6","c2842b3d-8266-4b4a-890a-fd7d00e4fa59":"d26f383f-209d-4705-8120-550282f1601a","5c9080b2-550d-4b64-908a-d070543fcba1":"60664e8c-de13-4628-89e1-e2250bae6386","18056962-4b23-4578-9a41-d8ec9a306e68":"70c1535d-847c-4758-a8b9-cee62dea397d","fb88b126-0ae6-404e-8243-78fbc96c134c":"0a8cf8c4-3273-4460-b6a5-eac491ef20ab","79d446d6-eeed-4015-b5ad-a1182acb6337":"e3791cf0-935d-48c1-bbe2-f0d5baa16dc3","1ee97e95-1028-4522-b098-cfb134463a85":"1594122a-709c-4745-b0b8-f3efc79a6ad0","1d27a576-f99d-4905-aec0-1295ea932b75":"ee2627d0-427b-483e-9b56-2d87ada4f031","4894867f-4214-4679-a4d2-c7948aa01b4c":"0d9cd51c-3b95-4ad8-94bc-e72c5515b772","0fef4b1f-8a5b-42bf-835b-ff82d16db6e2":"a299ff3a-5805-4135-b62d-bf83c21d8b35","b77c67b7-31ea-4124-b842-160fbccb4d36":"7f5ee554-be34-4f37-8492-516c318f63a2","ea64d19d-97c3-4877-a797-0964a694862e":"d2c7896a-feda-4a36-b164-18ba925ead84","d3e53fc1-8ba1-474a-b8ad-8e264f8071e7":"e238ea65-6289-4b33-a7bd-cec1f77cae5b","e6989b25-c816-4d37-bb26-35a38af3fc02":"4a106b61-04cc-47b9-ae72-9ed571f5d888","f75e7d1b-efa5-4465-826d-d2529946d53f":"c4f26d18-8530-4dd9-a2ff-76205ad8ef67","b4f938fd-b576-4df6-99da-17d084431820":"68e38cf7-619d-48d4-b460-7592d6d0c5d6","0ad4e156-f960-43d3-a22f-b80ac7fa8eaa":"c096e37f-b45c-45ba-a297-6fc4fa63fa79","40bb69ae-48e8-4214-9ef2-bc5a127ce065":"8a4bf552-d50f-4e16-a877-3e72a6dc44e3","461ca531-ba9c-4b2a-adb3-5bbc56e0e361":"562eb3bd-c590-4b9d-8515-91217e583e84","8af4a2e5-03db-4d82-9923-2d12f4c174c4":"90a0687c-9e46-4184-9b60-eca55bb3a1b8","6f169572-f0a8-4a8b-9e8f-e2574b1dfa4e":"f0bbe938-dc18-4977-bd85-0bf4cbd0af15","1b331acd-6ee2-4292-a399-97862fec4ace":"0e471826-74e6-40c7-be88-5e97ab06da70","27c8541d-6ff0-4309-8d06-fe58a1eec08a":"c07f99c8-5cb7-47cd-abf4-7d4245849454","97f64b22-c45c-4fd8-a4c4-a730f6a53ea4":"b503a7de-0e68-49de-af97-b85ad4353d64","f679ecd9-396f-4e22-a468-9adef51f5182":"e3e65713-bc4c-4bf3-8728-818d98f0d371","6fceb72c-68af-430d-9ab3-959954940b41":"58e830f4-2cfe-4dd2-8918-599f61af9926","9302f9e3-993f-486d-9ce3-0686457ba6f1":"13970b08-ce3f-4a90-a44e-7c570d905151","0eed93fc-1171-49cb-a702-44207c167cc0":"1840a18d-20a2-41b0-9bad-1afed1be16ad","dc2e51a2-a3e2-46a1-b297-1ce1a5f57821":"a8dd0ae2-e455-4e42-8d41-c74507e67ac9","7d783a41-ebd7-453a-a18c-67c72a88a878":"eff715e6-bd36-49da-beb9-1252d8a5a88c","66340bc4-4bbd-4ef3-9976-59dd0bde4df0":"c63ffc04-54f5-4214-a7cf-55bfa4116168","5e8b52a6-f61b-44db-8f19-8ff560f00421":"258d12f1-5d9e-4e83-8dbb-4ebaa7b90ac3","b41d0c1e-0668-4687-b03f-4122fc36691b":"a61b1579-3faa-4f21-8023-9fbcf08de0b7","1b30a627-038f-451d-86f9-f6bf662a70ed":"806d91df-acd9-46ba-b6d7-9af5dd9ed628","9c0935ac-4ef3-4ab1-97df-bb820b0ce1cf":"a121761a-d830-4195-b99f-65d854e6a057","90d31983-cc68-4089-b09c-b39ecbb3f571":"a010fe98-402f-4f4f-b6a8-75035b736d41","5936d0e0-776a-4f72-91f7-afeabe3fa539":"e569cbce-1deb-4a64-b7b0-241465eee80f","7e278f9f-9582-4acb-bc1d-730d4f773044":"75fa18a6-381d-419b-9b82-e8302f9dcfdb","a4a61807-cf33-4df9-a5ad-8e4db2ad7d9a":"ca4b9446-65c7-40a0-baa4-369eb7a98869","6d44dce2-393e-4741-a1a3-34390f49bdfc":"761edbc4-34dc-4fc6-b2bb-66962ae845f2","19330062-1e76-44a6-be1c-f5691df6ba0b":"5b986320-fbcd-4e0b-bcfd-9a7ee7ea02de","df975cdd-bd20-435a-a15a-441f70c798b8":"e4c2c1ff-44aa-4ead-8f36-479c34efff4f","29ff4bd9-7023-4b66-a71d-f6bc48d3b956":"59a42251-d8fe-428e-a11f-6f7446c3f30c","68822c85-b759-47f8-8774-fce9e3bc38e4":"72e23d3c-c5d7-461b-90db-63d19057362e","dd9598d0-76e0-4c54-98a0-f22a6a60c7fd":"01dd12ea-e945-4a54-8f0d-94503649b74b","b6cb632b-2b55-41ac-bc06-30c30cd26936":"748bbebe-e548-41c3-92eb-2d8fa17290ce","db5e3aaf-91e6-43e9-ba7e-34e705fd3b27":"ce514208-ecce-4463-9814-549ae1f64183","cda8a473-3ba4-4503-94c1-d5833174b47d":"63df8f11-cd96-489a-b7e1-37b2bef47f7a","9fc1c41b-267e-40fb-89d4-23b7735c5bbc":"963d2f72-ead9-4fe3-8b00-ce587ac91ef3","5fbe3c11-ccf0-4701-befc-7903a68d5639":"30f334eb-da58-4550-a2f1-3dce28f7dce4","bc4d36c2-e158-44a8-b139-c7d64050279a":"960404fa-e14f-4a27-a5e7-82591601f225","4081cefc-5dbe-4902-89ef-627672107c9b":"034e7816-133e-402d-83eb-58d12df2422d","6c3f9723-7eb5-465e-a089-c4c35b79b4d2":"dfe1e16f-397a-44c3-bb6b-492aeb2dc9b9","9d491eb3-8330-4c46-a286-63e90a9e25f6":"93380d31-ee8d-432f-998f-3a49b8a6fe30","c3b1cf10-686b-4aaa-becb-f4142f80eec1":"8b7b5f96-5a95-4cfd-8fe3-2b0b84fc9690","3f6c9fd7-e1cc-4cab-b979-d0310afad593":"58ade95b-e771-40ec-b69a-54370aa73f7d","4368da78-ece7-48d6-8520-9e24cf3b809e":"7258e922-ad2d-4b9a-9444-befb8f25892d","8eb2123a-b224-42da-9643-aa272b79c73b":"d0686d9a-6df6-4d02-883d-3268cefbdfe8","bd4d188e-da07-42da-b73c-c2c79bc6bf03":"8954f557-09c5-467d-9e10-48e5f5406c63","8afec258-863a-4f71-b386-d25551bd971c":"d19b68b3-3b8e-4f88-8027-09fd5ddf4c37","0eeae6fb-14a6-43da-bd43-58b338e257f3":"7940da54-cc2c-4910-b7f4-caffc68ca584","4795f1c9-e1b8-44c7-a528-49db893e4012":"dc4a2886-702e-4fa4-9c11-06e72dcf91ae","301f5283-ab4b-4f4c-8ccd-381977c92b8c":"4d0119b9-7262-48a9-812b-857bd1930305","444460d6-69eb-4137-b613-47ed01325a8c":"d6ed4a82-ad2c-451c-9055-00edb548dc5e","dc7c4f79-5949-4442-84c1-e91c19b1acea":"8c9c992d-19f2-49c0-baf6-7b766e4d8a45","a0f4b908-64d7-4f98-9a9c-d7e39c216477":"e80198ae-3430-4569-ac42-4425204a3c1a","a84bd9f1-70e0-4b75-90f4-2684b128db48":"be1d235b-8d89-4274-9364-60b826b1c8a4","68f6477f-6f8f-48a1-8a2f-e0ef6ad5b295":"181480e7-1e1a-4a00-8ea5-abb6df00dc06","8ef46e39-25a1-4033-b3d3-29ca0f9895b1":"d14908c8-8e6a-4686-bba8-31901535a542","32a1a727-004c-4ae2-ad66-a88786d100d0":"935700c5-6988-4a94-8157-df730392968a","d66261a0-487d-44e6-bf96-a595a5bdf4bc":"a9df1aec-e12a-4137-966c-a4a1e87f4afe","43b96703-ee15-4828-ac64-751041ae513f":"ccf2b6db-acf1-40f6-b557-29b805142776","c36b3579-bcc1-41c0-aa4b-1060ed117fe6":"2401f8d4-8187-4b1b-b9f0-b2e5f4110659","bb45b1b9-d9ec-4e7e-8b13-a481848e3b77":"e485eecd-73aa-4c74-9ea4-c9b3324a7a8d","d276fed2-4eb5-4e45-904f-c23a8cd2e5d3":"783209dc-392b-40df-9e67-6b8a2273c355","2baa6215-d86a-44ab-9edf-93cb3185b725":"17bef565-3187-41b9-9fed-abb13bcf9687","cbf4b149-0740-43bc-a58b-ae8520b08ad1":"cc46144c-218d-4e5a-8a67-7d6fedef79fa","d3df6fcd-844e-4d08-8e00-580470a3981e":"ffd82599-1914-4ed4-96e8-c2a3c291ad71","48de9261-18d1-4e1c-a9d7-6ecfe52ee99e":"7ed7029f-ed15-4359-8b59-9632df40d80a","68c0700a-ce87-4c4f-8aba-8a97aa9fd020":"97f1f9ce-4f78-4ce9-a4ef-b8e6571c2911","b95b42f7-e8a9-49ce-8e72-8e09214570d6":"34ea50b3-fc58-4c6c-a2c7-5fcbf2d195af","8b634710-9df6-4b91-ade7-4ccd107cf6bd":"1ea654f9-fad5-4b55-bb0c-fea98a21163a","400d572e-072f-4e32-a657-12ba66ae9a5d":"a86b0164-ee61-4596-9927-80808f8076a5","dcfa7ef2-889a-48cc-b48a-719a30e2dcbe":"79abef61-baf7-4d25-a459-ed6d5b76ec13","aa955f2d-8753-4428-b241-9d2e5e513eb7":"bb3e26f3-599e-4fa5-9c3f-15ac9959bd4d","33791749-6385-4abe-975f-222bace2aba2":"2a946ee3-6d2a-405f-a55f-aafc91f74fa7","3d44e1cf-20c7-4575-ac97-174276a1a959":"ea60818d-9cf2-4de4-a937-3283185c3cd3","5910e4e1-3711-4836-b19c-3ef44c75a074":"1a74eb05-809f-4b09-8aa7-b4540b3b95f9","c61b9707-531e-47ac-84e1-227619394035":"6e225832-f430-41f6-8bc0-b50c22ec9780","b18c0c52-3c38-4e72-82d2-e02b6aed9191":"0d2ec481-1db5-444b-861b-40830b0b0e40","ad528b33-7ac5-42a1-a59a-5282c46c3f60":"f406eba5-efa3-40b0-9a4b-0389eb584041","116abd38-379c-4454-b39e-d886a5357a80":"01e0bac8-3230-41e1-b02b-681417768abf","a8df390f-2bf5-434d-81a6-a44357ace97b":"1471b69d-76e5-404a-a491-e59874776cd3","93f64aa0-84c1-4669-970a-d893f1f97e52":"4e66e401-3cde-4e4d-a2c5-244e0861dbae","b6573e13-a627-480a-b863-038739635cce":"3d7304da-4015-40cc-a011-ffcae9b72398","a8c0a990-46f9-4896-b500-37f02fe32d29":"51790903-6d2c-4706-b2e6-5de655988099","f87419fc-de54-491a-9b57-9a172c6ca2d3":"545724b8-20ad-4f86-b22c-1bd66255bb67","fd2dbd6b-0130-469b-9dd4-923786697b7f":"29759304-df47-49f9-8d40-dbede82e034c","7c0be3d8-6b47-490d-b462-f8e330e2a78c":"f02cf9d9-8e53-4251-b4c5-3464d8ed5484","9fc66a81-d708-4c66-8016-5730fa0d6499":"34e84fab-2fc4-4db0-bc04-bdacf8e4ac1a","7c891b16-dbe0-4fdb-8ec6-c28aef621cb8":"cd97d7dd-3466-49a9-8c74-7a0a587df4e6","92a7e6b5-ff48-4202-afd2-d80deccb2da4":"4db17b66-e86c-48bc-a9ae-a06a5899629b","a3fa2b81-5ccd-4436-9338-0c84d6e01ea9":"cba9da06-b98f-4105-bc30-9ee175f4b280","4195befb-97c4-4b06-919f-63415c86d440":"af740814-ea0c-4181-9131-5d4c0ddf5b83","8bad7690-9a0e-4c9f-a154-d6871c60983a":"8de21c89-3531-43c5-a523-df442c376285","96e9de81-9b67-4bba-9ef7-cf6952c22665":"ed02b300-88aa-48dc-966b-9aa9e98fb525","41555ed4-95ec-4053-a197-a3d747a097b0":"b38e40e7-9f29-42fa-9640-53344e61b50b","9e667dfb-e2b4-4dd0-9107-2f482ade60bf":"d31aeb0e-1afc-42d6-ac49-b218bea5cb86","38659b70-c10e-4d2d-9fff-864ea108d034":"39a60c3a-1a9e-4304-9f8d-805d661f40a4","16c13c47-b321-4205-9d1c-bbfec8941d5d":"c0fead6f-fa0d-4895-987f-5b5f8189fc07","6e2c2107-f2ee-4690-b58a-cf8a21d68a71":"8a224eea-3d99-4e86-91ec-54764e3db515","5861dec8-32dd-4519-8875-cf284b9804fd":"199701ea-e67c-4c54-a34c-b8ff1da6957e","347a242d-c8db-4092-9bae-64afd404fe2c":"37465d9d-f13a-4216-b365-7573dd0cb68d","9af95d8e-01db-41b7-826e-c5a9e3b4ff45":"e9f667d4-7230-40c1-9c70-c8f801e57f34","554490a6-2198-4707-836b-9281693e0e71":"54fdcadb-8c36-4111-b262-90c6c599c5f0","9d042a9d-4b83-49d3-891b-8f4117e5b042":"fadbcecd-14ba-4289-929c-adf88ca55595","a65cf163-7a17-43a2-9ad9-d0e0c55b5587":"70319ac5-8668-477c-ae97-df4c433010a9","6e1092d0-46d3-4bbc-bff1-88846d765a16":"95217120-0714-4284-8e0f-90688ecd8c75","181b9f61-3b8a-48e0-823b-b96f56f55c0c":"eff17617-58b5-4e86-94f7-d118d4826dd3"},"template_id":207381253},"514da945-7ec3-4443-8928-2eef927fa962":{"enabled":true,"tags":[],"children":["e569db67-113c-409f-a25f-155e8275284c","152785c4-7cee-40e2-938b-819e61c6ae9a"],"position":[0,0,0],"rotation":[0,0,0],"scale":[1,1,1],"resource_id":"514da945-7ec3-4443-8928-2eef927fa962","name":"Root","components":{},"parent":"0c1538bf-3bc6-423b-b3c4-93cec9f61c94"},"e569db67-113c-409f-a25f-155e8275284c":{"enabled":true,"tags":[],"children":["a9e8080d-b89a-4e22-b9c7-dfcbe692bf0b"],"position":[0,0,0],"rotation":[0,0,0],"scale":[1,1,1],"resource_id":"e569db67-113c-409f-a25f-155e8275284c","name":"floors","components":{},"parent":"514da945-7ec3-4443-8928-2eef927fa962"},"a9e8080d-b89a-4e22-b9c7-dfcbe692bf0b":{"enabled":true,"tags":[],"children":[],"position":[0,0,0],"rotation":[0,0,0],"scale":[5,1.5,1],"resource_id":"a9e8080d-b89a-4e22-b9c7-dfcbe692bf0b","name":"floors_0","components":{"render":{"enabled":true,"type":"asset","asset":207381245,"materialAssets":[207381293],"layers":[0],"batchGroupId":null,"castShadows":true,"castShadowsLightmap":true,"receiveShadows":true,"lightmapped":false,"lightmapSizeMultiplier":1,"castShadowsLightMap":true,"lightMapped":false,"lightMapSizeMultiplier":1,"isStatic":false,"rootBone":null}},"parent":"e569db67-113c-409f-a25f-155e8275284c"},"e307edb3-f44a-470c-901c-4329bf4ce182":{"name":"Character Controller","tags":[],"enabled":true,"resource_id":"e307edb3-f44a-470c-901c-4329bf4ce182","parent":"a9e641ff-9dce-11e9-97ae-026349a27a7c","children":["da33cd37-7e2c-442d-a6eb-252ea4feb5f8","57bb06c1-cd08-46c0-af96-59b69d1baa8a"],"position":[-4.037917613983154,3,6.525880336761475],"rotation":[0,0,0],"scale":[1,1,1],"components":{"script":{"enabled":true,"order":["desktopInput","mobileInput","gamePadInput","characterController"],"scripts":{"gamePadInput":{"enabled":true,"attributes":{"deadZoneLow":0.2,"deadZoneHigh":0.2,"turnSpeed":150}},"desktopInput":{"enabled":true,"attributes":{}},"mobileInput":{"enabled":true,"attributes":{"deadZone":0.3,"turnSpeed":30,"radius":50,"_doubleTapInterval":300}},"characterController":{"enabled":true,"attributes":{"camera":"57bb06c1-cd08-46c0-af96-59b69d1baa8a","lookSens":0.08,"speedGround":50,"speedAir":5,"sprintMult":1.5,"velocityDampingGround":0.99,"velocityDampingAir":0.99925,"jumpForce":800}}}},"collision":{"enabled":true,"type":"capsule","halfExtents":[0.5,1,0.5],"radius":0.5,"axis":1,"height":2,"convexHull":false,"asset":null,"renderAsset":null,"linearOffset":[0,0,0],"angularOffset":[0,0,0]},"rigidbody":{"enabled":true,"type":"dynamic","mass":100,"linearDamping":0,"angularDamping":0,"linearFactor":[1,1,1],"angularFactor":[0,0,0],"friction":0.5,"restitution":0}},"template_ent_ids":{"e307edb3-f44a-470c-901c-4329bf4ce182":"011375fb-ccd4-4ac1-83e5-18d9cfb465ab","da33cd37-7e2c-442d-a6eb-252ea4feb5f8":"1e3965aa-91fe-47a5-9b68-6a9c1599c351","57bb06c1-cd08-46c0-af96-59b69d1baa8a":"b85d3216-470a-46af-a772-9f7a222bbdb2"},"template_id":207381302},"da33cd37-7e2c-442d-a6eb-252ea4feb5f8":{"name":"ScoobyDoo","tags":["player"],"enabled":true,"resource_id":"da33cd37-7e2c-442d-a6eb-252ea4feb5f8","parent":"e307edb3-f44a-470c-901c-4329bf4ce182","children":[],"position":[0,0,0],"rotation":[0,0,0],"scale":[1,1,1],"components":{"render":{"enabled":true,"type":"capsule","asset":null,"materialAssets":[null],"layers":[0],"batchGroupId":null,"castShadows":false,"castShadowsLightmap":true,"receiveShadows":true,"lightmapped":false,"lightmapSizeMultiplier":1,"castShadowsLightMap":true,"lightMapped":false,"lightMapSizeMultiplier":1,"isStatic":false,"rootBone":null}}},"57bb06c1-cd08-46c0-af96-59b69d1baa8a":{"name":"View","tags":[],"enabled":true,"resource_id":"57bb06c1-cd08-46c0-af96-59b69d1baa8a","parent":"e307edb3-f44a-470c-901c-4329bf4ce182","children":[],"position":[-0.00843954086303711,0.4274716377258301,-0.058960914611816406],"rotation":[-1.7999999915357845,1.7999999916538478,1.4777374334968078e-9],"scale":[1,1,1],"components":{"camera":{"enabled":true,"clearColorBuffer":true,"clearColor":[0.4823529411764706,0.7372549019607844,0.9254901960784314,1],"clearDepthBuffer":true,"renderSceneDepthMap":false,"renderSceneColorMap":false,"projection":0,"fov":90,"frustumCulling":true,"orthoHeight":4,"nearClip":0.1,"farClip":1000,"priority":0,"rect":[0,0,1,1],"layers":[0,1,2,3,4]},"script":{"enabled":true,"order":["ssao"],"scripts":{"ssao":{"enabled":true,"attributes":{"radius":1,"brightness":0.5,"samples":16,"downscale":1}}}}}},"152785c4-7cee-40e2-938b-819e61c6ae9a":{"name":"Plane","tags":[],"enabled":true,"resource_id":"152785c4-7cee-40e2-938b-819e61c6ae9a","parent":"514da945-7ec3-4443-8928-2eef927fa962","children":["22a83a4d-0149-4fa5-9f38-d45859fb8320"],"position":[0,0,0],"rotation":[0,0,0],"scale":[1,1,1],"components":{}},"22a83a4d-0149-4fa5-9f38-d45859fb8320":{"name":"Plane_0","tags":[],"enabled":true,"resource_id":"22a83a4d-0149-4fa5-9f38-d45859fb8320","parent":"152785c4-7cee-40e2-938b-819e61c6ae9a","children":[],"position":[0,0,0],"rotation":[0,0,0],"scale":[5,1.5,1],"components":{"render":{"enabled":true,"type":"asset","asset":207381089,"materialAssets":[207381299],"layers":[0],"batchGroupId":null,"castShadows":true,"castShadowsLightmap":true,"receiveShadows":true,"lightmapped":false,"lightmapSizeMultiplier":1,"castShadowsLightMap":true,"lightMapped":false,"lightMapSizeMultiplier":1,"isStatic":false,"rootBone":null}}},"c12a14c8-f1b3-4c2d-a703-3a218950b59c":{"name":"Box","tags":[],"enabled":true,"resource_id":"c12a14c8-f1b3-4c2d-a703-3a218950b59c","parent":"0c1538bf-3bc6-423b-b3c4-93cec9f61c94","children":[],"position":[-6,0,1.0000000298023197],"rotation":[0,0,0],"scale":[12,1,2],"components":{"render":{"enabled":true,"type":"box","asset":null,"materialAssets":[null],"layers":[0],"batchGroupId":null,"castShadows":true,"castShadowsLightmap":true,"receiveShadows":true,"lightmapped":false,"lightmapSizeMultiplier":1,"castShadowsLightMap":true,"lightMapped":false,"lightMapSizeMultiplier":1,"isStatic":false,"rootBone":null},"collision":{"enabled":true,"type":"box","halfExtents":[18,1.5,3],"radius":0.5,"axis":1,"height":2,"convexHull":false,"asset":null,"renderAsset":null,"linearOffset":[0,0,0],"angularOffset":[0,0,0]}}},"4a327b14-77c6-427c-9ea7-d0c88bf5d25b":{"name":"Box","tags":[],"enabled":true,"resource_id":"4a327b14-77c6-427c-9ea7-d0c88bf5d25b","parent":"0c1538bf-3bc6-423b-b3c4-93cec9f61c94","children":[],"position":[3,-1,1.0000000298023222],"rotation":[0,0,0],"scale":[1,6,2],"components":{"render":{"enabled":true,"type":"box","asset":null,"materialAssets":[null],"layers":[0],"batchGroupId":null,"castShadows":true,"castShadowsLightmap":true,"receiveShadows":true,"lightmapped":false,"lightmapSizeMultiplier":1,"castShadowsLightMap":true,"lightMapped":false,"lightMapSizeMultiplier":1,"isStatic":false,"rootBone":null},"collision":{"enabled":true,"type":"box","halfExtents":[1.5,9,3],"radius":0.5,"axis":1,"height":2,"convexHull":false,"asset":null,"renderAsset":null,"linearOffset":[0,0,0],"angularOffset":[0,0,0]},"rigidbody":{"enabled":true,"type":"static","mass":1,"linearDamping":0,"angularDamping":0,"linearFactor":[1,1,1],"angularFactor":[1,1,1],"friction":0.5,"restitution":0.5}}},"b5a448cb-1780-48d9-a99c-20b34efb02df":{"name":"Box","tags":[],"enabled":true,"resource_id":"b5a448cb-1780-48d9-a99c-20b34efb02df","parent":"0c1538bf-3bc6-423b-b3c4-93cec9f61c94","children":[],"position":[9,-2,1.0000000298023222],"rotation":[0,0,0],"scale":[1,8,2],"components":{"render":{"enabled":true,"type":"box","asset":null,"materialAssets":[null],"layers":[0],"batchGroupId":null,"castShadows":true,"castShadowsLightmap":true,"receiveShadows":true,"lightmapped":false,"lightmapSizeMultiplier":1,"castShadowsLightMap":true,"lightMapped":false,"lightMapSizeMultiplier":1,"isStatic":false,"rootBone":null},"collision":{"enabled":true,"type":"box","halfExtents":[1.5,12,3],"radius":0.5,"axis":1,"height":2,"convexHull":false,"asset":null,"renderAsset":null,"linearOffset":[0,0,0],"angularOffset":[0,0,0]}}},"71fa036b-ff5d-40e7-9b5a-a974cd662362":{"name":"Box","tags":[],"enabled":true,"resource_id":"71fa036b-ff5d-40e7-9b5a-a974cd662362","parent":"0c1538bf-3bc6-423b-b3c4-93cec9f61c94","children":[],"position":[12,1,1.0000000298023222],"rotation":[0,0,0],"scale":[1,8,2],"components":{"render":{"enabled":true,"type":"box","asset":null,"materialAssets":[null],"layers":[0],"batchGroupId":null,"castShadows":true,"castShadowsLightmap":true,"receiveShadows":true,"lightmapped":false,"lightmapSizeMultiplier":1,"castShadowsLightMap":true,"lightMapped":false,"lightMapSizeMultiplier":1,"isStatic":false,"rootBone":null},"collision":{"enabled":true,"type":"box","halfExtents":[1.5,12,3],"radius":0.5,"axis":1,"height":2,"convexHull":false,"asset":null,"renderAsset":null,"linearOffset":[0,0,0],"angularOffset":[0,0,0]}}},"22dfa88e-0c34-4881-b82c-459a73b5dff3":{"name":"Box","tags":[],"enabled":true,"resource_id":"22dfa88e-0c34-4881-b82c-459a73b5dff3","parent":"0c1538bf-3bc6-423b-b3c4-93cec9f61c94","children":[],"position":[15,3,1.0000000298023222],"rotation":[0,0,0],"scale":[1,8,2],"components":{"render":{"enabled":true,"type":"box","asset":null,"materialAssets":[null],"layers":[0],"batchGroupId":null,"castShadows":true,"castShadowsLightmap":true,"receiveShadows":true,"lightmapped":false,"lightmapSizeMultiplier":1,"castShadowsLightMap":true,"lightMapped":false,"lightMapSizeMultiplier":1,"isStatic":false,"rootBone":null},"collision":{"enabled":true,"type":"box","halfExtents":[1.5,12,3],"radius":0.5,"axis":1,"height":2,"convexHull":false,"asset":null,"renderAsset":null,"linearOffset":[0,0,0],"angularOffset":[0,0,0]}}},"2b972c57-06cd-4ae6-9f73-e4c9529917cf":{"name":"Box","tags":[],"enabled":true,"resource_id":"2b972c57-06cd-4ae6-9f73-e4c9529917cf","parent":"0c1538bf-3bc6-423b-b3c4-93cec9f61c94","children":[],"position":[18,7,1.0000000298023222],"rotation":[0,0,0],"scale":[1,8,2],"components":{"render":{"enabled":true,"type":"box","asset":null,"materialAssets":[null],"layers":[0],"batchGroupId":null,"castShadows":true,"castShadowsLightmap":true,"receiveShadows":true,"lightmapped":false,"lightmapSizeMultiplier":1,"castShadowsLightMap":true,"lightMapped":false,"lightMapSizeMultiplier":1,"isStatic":false,"rootBone":null},"collision":{"enabled":true,"type":"box","halfExtents":[1.5,12,3],"radius":0.5,"axis":1,"height":2,"convexHull":false,"asset":null,"renderAsset":null,"linearOffset":[0,0,0],"angularOffset":[0,0,0]}}},"f22aa15f-66fd-44fd-a310-e1c80a8a2fee":{"name":"Box","tags":[],"enabled":true,"resource_id":"f22aa15f-66fd-44fd-a310-e1c80a8a2fee","parent":"0c1538bf-3bc6-423b-b3c4-93cec9f61c94","children":[],"position":[18,-3,1.0000000298023222],"rotation":[0,0,0],"scale":[1,4,2],"components":{"render":{"enabled":true,"type":"box","asset":null,"materialAssets":[null],"layers":[0],"batchGroupId":null,"castShadows":true,"castShadowsLightmap":true,"receiveShadows":true,"lightmapped":false,"lightmapSizeMultiplier":1,"castShadowsLightMap":true,"lightMapped":false,"lightMapSizeMultiplier":1,"isStatic":false,"rootBone":null},"collision":{"enabled":true,"type":"box","halfExtents":[1.5,6,3],"radius":0.5,"axis":1,"height":2,"convexHull":false,"asset":null,"renderAsset":null,"linearOffset":[0,0,0],"angularOffset":[0,0,0]}}},"26233dd5-94ec-4118-b697-889de7bb2c6b":{"name":"Box","tags":[],"enabled":true,"resource_id":"26233dd5-94ec-4118-b697-889de7bb2c6b","parent":"0c1538bf-3bc6-423b-b3c4-93cec9f61c94","children":[],"position":[15,-7,1.0000000298023222],"rotation":[0,0,0],"scale":[1,4,2],"components":{"render":{"enabled":true,"type":"box","asset":null,"materialAssets":[null],"layers":[0],"batchGroupId":null,"castShadows":true,"castShadowsLightmap":true,"receiveShadows":true,"lightmapped":false,"lightmapSizeMultiplier":1,"castShadowsLightMap":true,"lightMapped":false,"lightMapSizeMultiplier":1,"isStatic":false,"rootBone":null},"collision":{"enabled":true,"type":"box","halfExtents":[1.5,6,3],"radius":0.5,"axis":1,"height":2,"convexHull":false,"asset":null,"renderAsset":null,"linearOffset":[0,0,0],"angularOffset":[0,0,0]}}},"c17ee7c4-d4ed-47d1-a302-b267a374139d":{"name":"Box","tags":[],"enabled":true,"resource_id":"c17ee7c4-d4ed-47d1-a302-b267a374139d","parent":"0c1538bf-3bc6-423b-b3c4-93cec9f61c94","children":[],"position":[12,-7,1.0000000298023222],"rotation":[0,0,0],"scale":[1,3,2],"components":{"render":{"enabled":true,"type":"box","asset":null,"materialAssets":[null],"layers":[0],"batchGroupId":null,"castShadows":true,"castShadowsLightmap":true,"receiveShadows":true,"lightmapped":false,"lightmapSizeMultiplier":1,"castShadowsLightMap":true,"lightMapped":false,"lightMapSizeMultiplier":1,"isStatic":false,"rootBone":null},"collision":{"enabled":true,"type":"box","halfExtents":[1.5,4.5,3],"radius":0.5,"axis":1,"height":2,"convexHull":false,"asset":null,"renderAsset":null,"linearOffset":[0,0,0],"angularOffset":[0,0,0]}}},"1dd96f14-756d-4724-aeb0-6074dd340d6c":{"name":"Box","tags":[],"enabled":true,"resource_id":"1dd96f14-756d-4724-aeb0-6074dd340d6c","parent":"0c1538bf-3bc6-423b-b3c4-93cec9f61c94","children":[],"position":[0,-8,1.0000000298023222],"rotation":[0,0,0],"scale":[1,8,2],"components":{"render":{"enabled":true,"type":"box","asset":null,"materialAssets":[null],"layers":[0],"batchGroupId":null,"castShadows":true,"castShadowsLightmap":true,"receiveShadows":true,"lightmapped":false,"lightmapSizeMultiplier":1,"castShadowsLightMap":true,"lightMapped":false,"lightMapSizeMultiplier":1,"isStatic":false,"rootBone":null},"collision":{"enabled":true,"type":"box","halfExtents":[1.5,12,3],"radius":0.5,"axis":1,"height":2,"convexHull":false,"asset":null,"renderAsset":null,"linearOffset":[0,0,0],"angularOffset":[0,0,0]}}},"c69ca6c5-62c1-464a-a8c1-46298baaa07f":{"name":"Box","tags":[],"enabled":true,"resource_id":"c69ca6c5-62c1-464a-a8c1-46298baaa07f","parent":"0c1538bf-3bc6-423b-b3c4-93cec9f61c94","children":[],"position":[3,-8,1.0000000298023222],"rotation":[0,0,0],"scale":[1,4,2],"components":{"render":{"enabled":true,"type":"box","asset":null,"materialAssets":[null],"layers":[0],"batchGroupId":null,"castShadows":true,"castShadowsLightmap":true,"receiveShadows":true,"lightmapped":false,"lightmapSizeMultiplier":1,"castShadowsLightMap":true,"lightMapped":false,"lightMapSizeMultiplier":1,"isStatic":false,"rootBone":null},"collision":{"enabled":true,"type":"box","halfExtents":[1.5,6,3],"radius":0.5,"axis":1,"height":2,"convexHull":false,"asset":null,"renderAsset":null,"linearOffset":[0,0,0],"angularOffset":[0,0,0]}}},"3c419ca3-f7a7-4821-aa79-9fd6d0d426b5":{"name":"Box","tags":[],"enabled":true,"resource_id":"3c419ca3-f7a7-4821-aa79-9fd6d0d426b5","parent":"0c1538bf-3bc6-423b-b3c4-93cec9f61c94","children":[],"position":[-3,-7,1.0000000298023222],"rotation":[0,0,0],"scale":[1,2,2],"components":{"render":{"enabled":true,"type":"box","asset":null,"materialAssets":[null],"layers":[0],"batchGroupId":null,"castShadows":true,"castShadowsLightmap":true,"receiveShadows":true,"lightmapped":false,"lightmapSizeMultiplier":1,"castShadowsLightMap":true,"lightMapped":false,"lightMapSizeMultiplier":1,"isStatic":false,"rootBone":null},"collision":{"enabled":true,"type":"box","halfExtents":[1.5,3,3],"radius":0.5,"axis":1,"height":2,"convexHull":false,"asset":null,"renderAsset":null,"linearOffset":[0,0,0],"angularOffset":[0,0,0]}}},"7c20c446-9eff-4011-a841-d99a6666f8be":{"name":"Box","tags":[],"enabled":true,"resource_id":"7c20c446-9eff-4011-a841-d99a6666f8be","parent":"0c1538bf-3bc6-423b-b3c4-93cec9f61c94","children":[],"position":[-6,-4,1.0000000298023222],"rotation":[0,0,0],"scale":[1,4,2],"components":{"render":{"enabled":true,"type":"box","asset":null,"materialAssets":[null],"layers":[0],"batchGroupId":null,"castShadows":true,"castShadowsLightmap":true,"receiveShadows":true,"lightmapped":false,"lightmapSizeMultiplier":1,"castShadowsLightMap":true,"lightMapped":false,"lightMapSizeMultiplier":1,"isStatic":false,"rootBone":null},"collision":{"enabled":true,"type":"box","halfExtents":[1.5,6,3],"radius":0.5,"axis":1,"height":2,"convexHull":false,"asset":null,"renderAsset":null,"linearOffset":[0,0,0],"angularOffset":[0,0,0]}}},"3bfd5869-afcf-49e7-89c4-58f4d1a56e91":{"name":"Box","tags":[],"enabled":true,"resource_id":"3bfd5869-afcf-49e7-89c4-58f4d1a56e91","parent":"0c1538bf-3bc6-423b-b3c4-93cec9f61c94","children":[],"position":[-3,-2,1.0000000298023222],"rotation":[0,0,0],"scale":[1,4,2],"components":{"render":{"enabled":true,"type":"box","asset":null,"materialAssets":[null],"layers":[0],"batchGroupId":null,"castShadows":true,"castShadowsLightmap":true,"receiveShadows":true,"lightmapped":false,"lightmapSizeMultiplier":1,"castShadowsLightMap":true,"lightMapped":false,"lightMapSizeMultiplier":1,"isStatic":false,"rootBone":null},"collision":{"enabled":true,"type":"box","halfExtents":[1.5,6,3],"radius":0.5,"axis":1,"height":2,"convexHull":false,"asset":null,"renderAsset":null,"linearOffset":[0,0,0],"angularOffset":[0,0,0]}}},"d5b0c096-7322-4386-aa27-a9977b22a756":{"name":"Box","tags":[],"enabled":true,"resource_id":"d5b0c096-7322-4386-aa27-a9977b22a756","parent":"0c1538bf-3bc6-423b-b3c4-93cec9f61c94","children":[],"position":[-9,-5,1.0000000298023222],"rotation":[0,0,0],"scale":[1,6,2],"components":{"render":{"enabled":true,"type":"box","asset":null,"materialAssets":[null],"layers":[0],"batchGroupId":null,"castShadows":true,"castShadowsLightmap":true,"receiveShadows":true,"lightmapped":false,"lightmapSizeMultiplier":1,"castShadowsLightMap":true,"lightMapped":false,"lightMapSizeMultiplier":1,"isStatic":false,"rootBone":null},"collision":{"enabled":true,"type":"box","halfExtents":[1.5,9,3],"radius":0.5,"axis":1,"height":2,"convexHull":false,"asset":null,"renderAsset":null,"linearOffset":[0,0,0],"angularOffset":[0,0,0]}}},"9a100099-8401-4822-bc04-5705789c3cc7":{"name":"Box","tags":[],"enabled":true,"resource_id":"9a100099-8401-4822-bc04-5705789c3cc7","parent":"0c1538bf-3bc6-423b-b3c4-93cec9f61c94","children":[],"position":[-12,-5,1.0000000298023222],"rotation":[0,0,0],"scale":[1,6,2],"components":{"render":{"enabled":true,"type":"box","asset":null,"materialAssets":[null],"layers":[0],"batchGroupId":null,"castShadows":true,"castShadowsLightmap":true,"receiveShadows":true,"lightmapped":false,"lightmapSizeMultiplier":1,"castShadowsLightMap":true,"lightMapped":false,"lightMapSizeMultiplier":1,"isStatic":false,"rootBone":null},"collision":{"enabled":true,"type":"box","halfExtents":[1.5,9,3],"radius":0.5,"axis":1,"height":2,"convexHull":false,"asset":null,"renderAsset":null,"linearOffset":[0,0,0],"angularOffset":[0,0,0]}}},"d9352350-5a93-4dc0-9f3d-00435b5b6f02":{"name":"Box","tags":[],"enabled":true,"resource_id":"d9352350-5a93-4dc0-9f3d-00435b5b6f02","parent":"0c1538bf-3bc6-423b-b3c4-93cec9f61c94","children":[],"position":[-15,-5,1.0000000298023222],"rotation":[0,0,0],"scale":[1,6,2],"components":{"render":{"enabled":true,"type":"box","asset":null,"materialAssets":[null],"layers":[0],"batchGroupId":null,"castShadows":true,"castShadowsLightmap":true,"receiveShadows":true,"lightmapped":false,"lightmapSizeMultiplier":1,"castShadowsLightMap":true,"lightMapped":false,"lightMapSizeMultiplier":1,"isStatic":false,"rootBone":null},"collision":{"enabled":true,"type":"box","halfExtents":[1.5,9,3],"radius":0.5,"axis":1,"height":2,"convexHull":false,"asset":null,"renderAsset":null,"linearOffset":[0,0,0],"angularOffset":[0,0,0]}}},"52e7bb7f-a527-4b9c-bb5e-46e840fabe34":{"name":"Box","tags":[],"enabled":true,"resource_id":"52e7bb7f-a527-4b9c-bb5e-46e840fabe34","parent":"0c1538bf-3bc6-423b-b3c4-93cec9f61c94","children":[],"position":[-18,-8,1.0000000298023222],"rotation":[0,0,0],"scale":[1,8,2],"components":{"render":{"enabled":true,"type":"box","asset":null,"materialAssets":[null],"layers":[0],"batchGroupId":null,"castShadows":true,"castShadowsLightmap":true,"receiveShadows":true,"lightmapped":false,"lightmapSizeMultiplier":1,"castShadowsLightMap":true,"lightMapped":false,"lightMapSizeMultiplier":1,"isStatic":false,"rootBone":null},"collision":{"enabled":true,"type":"box","halfExtents":[1.5,12,3],"radius":0.5,"axis":1,"height":2,"convexHull":false,"asset":null,"renderAsset":null,"linearOffset":[0,0,0],"angularOffset":[0,0,0]}}},"5110ca99-fc4f-4fc8-a078-5639772073c0":{"name":"Box","tags":[],"enabled":true,"resource_id":"5110ca99-fc4f-4fc8-a078-5639772073c0","parent":"0c1538bf-3bc6-423b-b3c4-93cec9f61c94","children":[],"position":[-18,-1,1.0000000298023222],"rotation":[0,0,0],"scale":[1,2,2],"components":{"render":{"enabled":true,"type":"box","asset":null,"materialAssets":[null],"layers":[0],"batchGroupId":null,"castShadows":true,"castShadowsLightmap":true,"receiveShadows":true,"lightmapped":false,"lightmapSizeMultiplier":1,"castShadowsLightMap":true,"lightMapped":false,"lightMapSizeMultiplier":1,"isStatic":false,"rootBone":null},"collision":{"enabled":true,"type":"box","halfExtents":[1.5,3,3],"radius":0.5,"axis":1,"height":2,"convexHull":false,"asset":null,"renderAsset":null,"linearOffset":[0,0,0],"angularOffset":[0,0,0]}}},"dc7688ba-d358-4014-80f1-a4bbc0dddaed":{"name":"Box","tags":[],"enabled":true,"resource_id":"dc7688ba-d358-4014-80f1-a4bbc0dddaed","parent":"0c1538bf-3bc6-423b-b3c4-93cec9f61c94","children":[],"position":[-18,6,1.0000000298023222],"rotation":[0,0,0],"scale":[1,8,2],"components":{"render":{"enabled":true,"type":"box","asset":null,"materialAssets":[null],"layers":[0],"batchGroupId":null,"castShadows":true,"castShadowsLightmap":true,"receiveShadows":true,"lightmapped":false,"lightmapSizeMultiplier":1,"castShadowsLightMap":true,"lightMapped":false,"lightMapSizeMultiplier":1,"isStatic":false,"rootBone":null},"collision":{"enabled":true,"type":"box","halfExtents":[1.5,12,3],"radius":0.5,"axis":1,"height":2,"convexHull":false,"asset":null,"renderAsset":null,"linearOffset":[0,0,0],"angularOffset":[0,0,0]}}},"5b0d7570-af50-42c4-be10-8923ae417d6d":{"name":"Box","tags":[],"enabled":true,"resource_id":"5b0d7570-af50-42c4-be10-8923ae417d6d","parent":"0c1538bf-3bc6-423b-b3c4-93cec9f61c94","children":[],"position":[-15,3,1.0000000298023222],"rotation":[0,0,0],"scale":[1,6,2],"components":{"render":{"enabled":true,"type":"box","asset":null,"materialAssets":[null],"layers":[0],"batchGroupId":null,"castShadows":true,"castShadowsLightmap":true,"receiveShadows":true,"lightmapped":false,"lightmapSizeMultiplier":1,"castShadowsLightMap":true,"lightMapped":false,"lightMapSizeMultiplier":1,"isStatic":false,"rootBone":null},"collision":{"enabled":true,"type":"box","halfExtents":[1.5,9,3],"radius":0.5,"axis":1,"height":2,"convexHull":false,"asset":null,"renderAsset":null,"linearOffset":[0,0,0],"angularOffset":[0,0,0]}}},"ba59d43b-2004-4b7c-87ad-c51e76f5711f":{"name":"Box","tags":[],"enabled":true,"resource_id":"ba59d43b-2004-4b7c-87ad-c51e76f5711f","parent":"0c1538bf-3bc6-423b-b3c4-93cec9f61c94","children":[],"position":[-12,4,1.0000000298023222],"rotation":[0,0,0],"scale":[1,4,2],"components":{"render":{"enabled":true,"type":"box","asset":null,"materialAssets":[null],"layers":[0],"batchGroupId":null,"castShadows":true,"castShadowsLightmap":true,"receiveShadows":true,"lightmapped":false,"lightmapSizeMultiplier":1,"castShadowsLightMap":true,"lightMapped":false,"lightMapSizeMultiplier":1,"isStatic":false,"rootBone":null},"collision":{"enabled":true,"type":"box","halfExtents":[1.5,6,3],"radius":0.5,"axis":1,"height":2,"convexHull":false,"asset":null,"renderAsset":null,"linearOffset":[0,0,0],"angularOffset":[0,0,0]}}},"17e93ac1-68b5-4f8e-ba78-d68487831cb5":{"name":"Box","tags":[],"enabled":true,"resource_id":"17e93ac1-68b5-4f8e-ba78-d68487831cb5","parent":"0c1538bf-3bc6-423b-b3c4-93cec9f61c94","children":[],"position":[-9,8,1.0000000298023222],"rotation":[0,0,0],"scale":[1,2,2],"components":{"render":{"enabled":true,"type":"box","asset":null,"materialAssets":[null],"layers":[0],"batchGroupId":null,"castShadows":true,"castShadowsLightmap":true,"receiveShadows":true,"lightmapped":false,"lightmapSizeMultiplier":1,"castShadowsLightMap":true,"lightMapped":false,"lightMapSizeMultiplier":1,"isStatic":false,"rootBone":null},"collision":{"enabled":true,"type":"box","halfExtents":[1.5,3,3],"radius":0.5,"axis":1,"height":2,"convexHull":false,"asset":null,"renderAsset":null,"linearOffset":[0,0,0],"angularOffset":[0,0,0]}}},"736a1c9d-f072-469b-ba54-09e2b3070132":{"name":"Box","tags":[],"enabled":true,"resource_id":"736a1c9d-f072-469b-ba54-09e2b3070132","parent":"0c1538bf-3bc6-423b-b3c4-93cec9f61c94","children":[],"position":[3,8,1.0000000298023222],"rotation":[0,0,0],"scale":[1,2,2],"components":{"render":{"enabled":true,"type":"box","asset":null,"materialAssets":[null],"layers":[0],"batchGroupId":null,"castShadows":true,"castShadowsLightmap":true,"receiveShadows":true,"lightmapped":false,"lightmapSizeMultiplier":1,"castShadowsLightMap":true,"lightMapped":false,"lightMapSizeMultiplier":1,"isStatic":false,"rootBone":null},"collision":{"enabled":true,"type":"box","halfExtents":[1.5,3,3],"radius":0.5,"axis":1,"height":2,"convexHull":false,"asset":null,"renderAsset":null,"linearOffset":[0,0,0],"angularOffset":[0,0,0]}}},"e2c1467a-0d37-4322-90c5-dec2dfc30dc3":{"name":"Box","tags":[],"enabled":true,"resource_id":"e2c1467a-0d37-4322-90c5-dec2dfc30dc3","parent":"0c1538bf-3bc6-423b-b3c4-93cec9f61c94","children":[],"position":[-6,-9,1.0000000298023222],"rotation":[0,0,0],"scale":[1,2,2],"components":{"render":{"enabled":true,"type":"box","asset":null,"materialAssets":[null],"layers":[0],"batchGroupId":null,"castShadows":true,"castShadowsLightmap":true,"receiveShadows":true,"lightmapped":false,"lightmapSizeMultiplier":1,"castShadowsLightMap":true,"lightMapped":false,"lightMapSizeMultiplier":1,"isStatic":false,"rootBone":null},"collision":{"enabled":true,"type":"box","halfExtents":[1.5,3,3],"radius":0.5,"axis":1,"height":2,"convexHull":false,"asset":null,"renderAsset":null,"linearOffset":[0,0,0],"angularOffset":[0,0,0]}}},"8c02235a-b6af-4e2e-b1b2-0c76f5e9af17":{"name":"Box","tags":[],"enabled":true,"resource_id":"8c02235a-b6af-4e2e-b1b2-0c76f5e9af17","parent":"0c1538bf-3bc6-423b-b3c4-93cec9f61c94","children":[],"position":[-4.5,2.5,1.0000000298023197],"rotation":[0,0,0],"scale":[9,1,2],"components":{"render":{"enabled":true,"type":"box","asset":null,"materialAssets":[null],"layers":[0],"batchGroupId":null,"castShadows":true,"castShadowsLightmap":true,"receiveShadows":true,"lightmapped":false,"lightmapSizeMultiplier":1,"castShadowsLightMap":true,"lightMapped":false,"lightMapSizeMultiplier":1,"isStatic":false,"rootBone":null},"collision":{"enabled":true,"type":"box","halfExtents":[13.5,1.5,3],"radius":0.5,"axis":1,"height":2,"convexHull":false,"asset":null,"renderAsset":null,"linearOffset":[0,0,0],"angularOffset":[0,0,0]}}},"ce2a27f7-b776-409b-8183-6e659bacddb7":{"name":"Box","tags":[],"enabled":true,"resource_id":"ce2a27f7-b776-409b-8183-6e659bacddb7","parent":"0c1538bf-3bc6-423b-b3c4-93cec9f61c94","children":[],"position":[4.5,4.5,1.0000000298023197],"rotation":[0,0,0],"scale":[9,1,2],"components":{"render":{"enabled":true,"type":"box","asset":null,"materialAssets":[null],"layers":[0],"batchGroupId":null,"castShadows":true,"castShadowsLightmap":true,"receiveShadows":true,"lightmapped":false,"lightmapSizeMultiplier":1,"castShadowsLightMap":true,"lightMapped":false,"lightMapSizeMultiplier":1,"isStatic":false,"rootBone":null},"collision":{"enabled":true,"type":"box","halfExtents":[13.5,1.5,3],"radius":0.5,"axis":1,"height":2,"convexHull":false,"asset":null,"renderAsset":null,"linearOffset":[0,0,0],"angularOffset":[0,0,0]}}},"dacf8728-dbe3-4230-99df-5c5704b38f10":{"name":"Box","tags":[],"enabled":true,"resource_id":"dacf8728-dbe3-4230-99df-5c5704b38f10","parent":"0c1538bf-3bc6-423b-b3c4-93cec9f61c94","children":[],"position":[-6,4.5,1.0000000298023197],"rotation":[0,0,0],"scale":[6,1,2],"components":{"render":{"enabled":true,"type":"box","asset":null,"materialAssets":[null],"layers":[0],"batchGroupId":null,"castShadows":true,"castShadowsLightmap":true,"receiveShadows":true,"lightmapped":false,"lightmapSizeMultiplier":1,"castShadowsLightMap":true,"lightMapped":false,"lightMapSizeMultiplier":1,"isStatic":false,"rootBone":null},"collision":{"enabled":true,"type":"box","halfExtents":[9,1.5,3],"radius":0.5,"axis":1,"height":2,"convexHull":false,"asset":null,"renderAsset":null,"linearOffset":[0,0,0],"angularOffset":[0,0,0]}}},"0479c3cd-b1d9-4b37-9d6e-dc4361073bc7":{"name":"Box","tags":[],"enabled":true,"resource_id":"0479c3cd-b1d9-4b37-9d6e-dc4361073bc7","parent":"0c1538bf-3bc6-423b-b3c4-93cec9f61c94","children":[],"position":[-3,6.5,1.0000000298023197],"rotation":[0,0,0],"scale":[6,1,2],"components":{"render":{"enabled":true,"type":"box","asset":null,"materialAssets":[null],"layers":[0],"batchGroupId":null,"castShadows":true,"castShadowsLightmap":true,"receiveShadows":true,"lightmapped":false,"lightmapSizeMultiplier":1,"castShadowsLightMap":true,"lightMapped":false,"lightMapSizeMultiplier":1,"isStatic":false,"rootBone":null},"collision":{"enabled":true,"type":"box","halfExtents":[9,1.5,3],"radius":0.5,"axis":1,"height":2,"convexHull":false,"asset":null,"renderAsset":null,"linearOffset":[0,0,0],"angularOffset":[0,0,0]}}},"f22c650b-0c5b-4f86-8541-ca8a317bdb4c":{"name":"Box","tags":[],"enabled":true,"resource_id":"f22c650b-0c5b-4f86-8541-ca8a317bdb4c","parent":"0c1538bf-3bc6-423b-b3c4-93cec9f61c94","children":[],"position":[-4.5,8.5,1.0000000298023197],"rotation":[0,0,0],"scale":[3,1,2],"components":{"render":{"enabled":true,"type":"box","asset":null,"materialAssets":[null],"layers":[0],"batchGroupId":null,"castShadows":true,"castShadowsLightmap":true,"receiveShadows":true,"lightmapped":false,"lightmapSizeMultiplier":1,"castShadowsLightMap":true,"lightMapped":false,"lightMapSizeMultiplier":1,"isStatic":false,"rootBone":null},"collision":{"enabled":true,"type":"box","halfExtents":[4.5,1.5,3],"radius":0.5,"axis":1,"height":2,"convexHull":false,"asset":null,"renderAsset":null,"linearOffset":[0,0,0],"angularOffset":[0,0,0]}}},"edbc8f5d-6076-45ba-af77-c25454b67377":{"name":"Box","tags":[],"enabled":true,"resource_id":"edbc8f5d-6076-45ba-af77-c25454b67377","parent":"0c1538bf-3bc6-423b-b3c4-93cec9f61c94","children":[],"position":[-6,10.5,1.0000000298023197],"rotation":[0,0,0],"scale":[6,1,2],"components":{"render":{"enabled":true,"type":"box","asset":null,"materialAssets":[null],"layers":[0],"batchGroupId":null,"castShadows":true,"castShadowsLightmap":true,"receiveShadows":true,"lightmapped":false,"lightmapSizeMultiplier":1,"castShadowsLightMap":true,"lightMapped":false,"lightMapSizeMultiplier":1,"isStatic":false,"rootBone":null},"collision":{"enabled":true,"type":"box","halfExtents":[9,1.5,3],"radius":0.5,"axis":1,"height":2,"convexHull":false,"asset":null,"renderAsset":null,"linearOffset":[0,0,0],"angularOffset":[0,0,0]}}},"6b1e8778-85e2-4b58-9f15-4ca3f95b0696":{"name":"Box","tags":[],"enabled":true,"resource_id":"6b1e8778-85e2-4b58-9f15-4ca3f95b0696","parent":"0c1538bf-3bc6-423b-b3c4-93cec9f61c94","children":[],"position":[-12,8.5,1.0000000298023197],"rotation":[0,0,0],"scale":[6,1,2],"components":{"render":{"enabled":true,"type":"box","asset":null,"materialAssets":[null],"layers":[0],"batchGroupId":null,"castShadows":true,"castShadowsLightmap":true,"receiveShadows":true,"lightmapped":false,"lightmapSizeMultiplier":1,"castShadowsLightMap":true,"lightMapped":false,"lightMapSizeMultiplier":1,"isStatic":false,"rootBone":null},"collision":{"enabled":true,"type":"box","halfExtents":[9,1.5,3],"radius":0.5,"axis":1,"height":2,"convexHull":false,"asset":null,"renderAsset":null,"linearOffset":[0,0,0],"angularOffset":[0,0,0]}}},"e3d3d3d9-c877-42b1-a305-48d95e092a14":{"name":"Box","tags":[],"enabled":true,"resource_id":"e3d3d3d9-c877-42b1-a305-48d95e092a14","parent":"0c1538bf-3bc6-423b-b3c4-93cec9f61c94","children":[],"position":[-15.5,10.5,1.0000000298023197],"rotation":[0,0,0],"scale":[6,1,2],"components":{"render":{"enabled":true,"type":"box","asset":null,"materialAssets":[null],"layers":[0],"batchGroupId":null,"castShadows":true,"castShadowsLightmap":true,"receiveShadows":true,"lightmapped":false,"lightmapSizeMultiplier":1,"castShadowsLightMap":true,"lightMapped":false,"lightMapSizeMultiplier":1,"isStatic":false,"rootBone":null},"collision":{"enabled":true,"type":"box","halfExtents":[9,1.5,3],"radius":0.5,"axis":1,"height":2,"convexHull":false,"asset":null,"renderAsset":null,"linearOffset":[0,0,0],"angularOffset":[0,0,0]}}},"f757e7e2-74b5-486c-89bc-9d5df4ddea7f":{"name":"Box","tags":[],"enabled":true,"resource_id":"f757e7e2-74b5-486c-89bc-9d5df4ddea7f","parent":"0c1538bf-3bc6-423b-b3c4-93cec9f61c94","children":[],"position":[2,8.5,1.0000000298023197],"rotation":[0,0,0],"scale":[3,1,2],"components":{"render":{"enabled":true,"type":"box","asset":null,"materialAssets":[null],"layers":[0],"batchGroupId":null,"castShadows":true,"castShadowsLightmap":true,"receiveShadows":true,"lightmapped":false,"lightmapSizeMultiplier":1,"castShadowsLightMap":true,"lightMapped":false,"lightMapSizeMultiplier":1,"isStatic":false,"rootBone":null},"collision":{"enabled":true,"type":"box","halfExtents":[4.5,1.5,3],"radius":0.5,"axis":1,"height":2,"convexHull":false,"asset":null,"renderAsset":null,"linearOffset":[0,0,0],"angularOffset":[0,0,0]}}},"a6884e4d-5898-42ea-89b4-4b58b7aea782":{"name":"Box","tags":[],"enabled":true,"resource_id":"a6884e4d-5898-42ea-89b4-4b58b7aea782","parent":"0c1538bf-3bc6-423b-b3c4-93cec9f61c94","children":[],"position":[6.5,10.5,1.0000000298023197],"rotation":[0,0,0],"scale":[12,1,2],"components":{"render":{"enabled":true,"type":"box","asset":null,"materialAssets":[null],"layers":[0],"batchGroupId":null,"castShadows":true,"castShadowsLightmap":true,"receiveShadows":true,"lightmapped":false,"lightmapSizeMultiplier":1,"castShadowsLightMap":true,"lightMapped":false,"lightMapSizeMultiplier":1,"isStatic":false,"rootBone":null},"collision":{"enabled":true,"type":"box","halfExtents":[18,1.5,3],"radius":0.5,"axis":1,"height":2,"convexHull":false,"asset":null,"renderAsset":null,"linearOffset":[0,0,0],"angularOffset":[0,0,0]}}},"fa087850-3c82-425e-9def-acd3d4c3ba71":{"name":"Box","tags":[],"enabled":true,"resource_id":"fa087850-3c82-425e-9def-acd3d4c3ba71","parent":"0c1538bf-3bc6-423b-b3c4-93cec9f61c94","children":[],"position":[11,8.5,1.0000000298023197],"rotation":[0,0,0],"scale":[9,1,2],"components":{"render":{"enabled":true,"type":"box","asset":null,"materialAssets":[null],"layers":[0],"batchGroupId":null,"castShadows":true,"castShadowsLightmap":true,"receiveShadows":true,"lightmapped":false,"lightmapSizeMultiplier":1,"castShadowsLightMap":true,"lightMapped":false,"lightMapSizeMultiplier":1,"isStatic":false,"rootBone":null},"collision":{"enabled":true,"type":"box","halfExtents":[14,1.5,3],"radius":0.5,"axis":1,"height":2,"convexHull":false,"asset":null,"renderAsset":null,"linearOffset":[0,0,0],"angularOffset":[0,0,0]}}},"f09eb861-3d8a-4500-b03c-d58f4c552f26":{"name":"Box","tags":[],"enabled":true,"resource_id":"f09eb861-3d8a-4500-b03c-d58f4c552f26","parent":"0c1538bf-3bc6-423b-b3c4-93cec9f61c94","children":[],"position":[12,6.5,1.0000000298023197],"rotation":[0,0,0],"scale":[6,1,2],"components":{"render":{"enabled":true,"type":"box","asset":null,"materialAssets":[null],"layers":[0],"batchGroupId":null,"castShadows":true,"castShadowsLightmap":true,"receiveShadows":true,"lightmapped":false,"lightmapSizeMultiplier":1,"castShadowsLightMap":true,"lightMapped":false,"lightMapSizeMultiplier":1,"isStatic":false,"rootBone":null},"collision":{"enabled":true,"type":"box","halfExtents":[9,1.5,3],"radius":0.5,"axis":1,"height":2,"convexHull":false,"asset":null,"renderAsset":null,"linearOffset":[0,0,0],"angularOffset":[0,0,0]}}},"bcf5410e-23aa-469c-8b01-8aa1cbd1c5ee":{"name":"Box","tags":[],"enabled":true,"resource_id":"bcf5410e-23aa-469c-8b01-8aa1cbd1c5ee","parent":"0c1538bf-3bc6-423b-b3c4-93cec9f61c94","children":[],"position":[6,-8,1.0000000298023197],"rotation":[0,0,0],"scale":[6,1,2],"components":{"render":{"enabled":true,"type":"box","asset":null,"materialAssets":[null],"layers":[0],"batchGroupId":null,"castShadows":true,"castShadowsLightmap":true,"receiveShadows":true,"lightmapped":false,"lightmapSizeMultiplier":1,"castShadowsLightMap":true,"lightMapped":false,"lightMapSizeMultiplier":1,"isStatic":false,"rootBone":null},"collision":{"enabled":true,"type":"box","halfExtents":[9,1.5,3],"radius":0.5,"axis":1,"height":2,"convexHull":false,"asset":null,"renderAsset":null,"linearOffset":[0,0,0],"angularOffset":[0,0,0]}}},"29d18c86-d868-4951-87ee-e173d959b7e7":{"name":"Box","tags":[],"enabled":true,"resource_id":"29d18c86-d868-4951-87ee-e173d959b7e7","parent":"0c1538bf-3bc6-423b-b3c4-93cec9f61c94","children":[],"position":[11,-5.5,1.0000000298023197],"rotation":[0,0,0],"scale":[3,1,2],"components":{"render":{"enabled":true,"type":"box","asset":null,"materialAssets":[null],"layers":[0],"batchGroupId":null,"castShadows":true,"castShadowsLightmap":true,"receiveShadows":true,"lightmapped":false,"lightmapSizeMultiplier":1,"castShadowsLightMap":true,"lightMapped":false,"lightMapSizeMultiplier":1,"isStatic":false,"rootBone":null},"collision":{"enabled":true,"type":"box","halfExtents":[4.5,1.5,3],"radius":0.5,"axis":1,"height":2,"convexHull":false,"asset":null,"renderAsset":null,"linearOffset":[0,0,0],"angularOffset":[0,0,0]}}},"071e6f42-8bc3-43e3-82af-0279a044dc4d":{"name":"Box","tags":[],"enabled":true,"resource_id":"071e6f42-8bc3-43e3-82af-0279a044dc4d","parent":"0c1538bf-3bc6-423b-b3c4-93cec9f61c94","children":[],"position":[12,-10.5,1.0000000298023197],"rotation":[0,0,0],"scale":[12,1,2],"components":{"render":{"enabled":true,"type":"box","asset":null,"materialAssets":[null],"layers":[0],"batchGroupId":null,"castShadows":true,"castShadowsLightmap":true,"receiveShadows":true,"lightmapped":false,"lightmapSizeMultiplier":1,"castShadowsLightMap":true,"lightMapped":false,"lightMapSizeMultiplier":1,"isStatic":false,"rootBone":null},"collision":{"enabled":true,"type":"box","halfExtents":[18,1.5,3],"radius":0.5,"axis":1,"height":2,"convexHull":false,"asset":null,"renderAsset":null,"linearOffset":[0,0,0],"angularOffset":[0,0,0]}}},"5d6a5faa-03b3-45b1-8e32-c4d303c71d92":{"name":"Box","tags":[],"enabled":true,"resource_id":"5d6a5faa-03b3-45b1-8e32-c4d303c71d92","parent":"0c1538bf-3bc6-423b-b3c4-93cec9f61c94","children":[],"position":[-9,-10.5,1.0000000298023197],"rotation":[0,0,0],"scale":[12,1,2],"components":{"render":{"enabled":true,"type":"box","asset":null,"materialAssets":[null],"layers":[0],"batchGroupId":null,"castShadows":true,"castShadowsLightmap":true,"receiveShadows":true,"lightmapped":false,"lightmapSizeMultiplier":1,"castShadowsLightMap":true,"lightMapped":false,"lightMapSizeMultiplier":1,"isStatic":false,"rootBone":null},"collision":{"enabled":true,"type":"box","halfExtents":[18,1.5,3],"radius":0.5,"axis":1,"height":2,"convexHull":false,"asset":null,"renderAsset":null,"linearOffset":[0,0,0],"angularOffset":[0,0,0]}}},"40f3f62f-fb1c-4e84-9b0d-17b195ae8250":{"name":"Box","tags":[],"enabled":true,"resource_id":"40f3f62f-fb1c-4e84-9b0d-17b195ae8250","parent":"0c1538bf-3bc6-423b-b3c4-93cec9f61c94","children":[],"position":[-4.5,-6.5,1.0000000298023197],"rotation":[0,0,0],"scale":[4,1,2],"components":{"render":{"enabled":true,"type":"box","asset":null,"materialAssets":[null],"layers":[0],"batchGroupId":null,"castShadows":true,"castShadowsLightmap":true,"receiveShadows":true,"lightmapped":false,"lightmapSizeMultiplier":1,"castShadowsLightMap":true,"lightMapped":false,"lightMapSizeMultiplier":1,"isStatic":false,"rootBone":null},"collision":{"enabled":true,"type":"box","halfExtents":[6,1.5,3],"radius":0.5,"axis":1,"height":2,"convexHull":false,"asset":null,"renderAsset":null,"linearOffset":[0,0,0],"angularOffset":[0,0,0]}}},"49d8d953-9bb5-48d6-b10c-4373df1653c4":{"name":"Box","tags":[],"enabled":true,"resource_id":"49d8d953-9bb5-48d6-b10c-4373df1653c4","parent":"0c1538bf-3bc6-423b-b3c4-93cec9f61c94","children":[],"position":[16.5,-4.5,1.0000000298023197],"rotation":[0,0,0],"scale":[4,1,2],"components":{"render":{"enabled":true,"type":"box","asset":null,"materialAssets":[null],"layers":[0],"batchGroupId":null,"castShadows":true,"castShadowsLightmap":true,"receiveShadows":true,"lightmapped":false,"lightmapSizeMultiplier":1,"castShadowsLightMap":true,"lightMapped":false,"lightMapSizeMultiplier":1,"isStatic":false,"rootBone":null},"collision":{"enabled":true,"type":"box","halfExtents":[6,1.5,3],"radius":0.5,"axis":1,"height":2,"convexHull":false,"asset":null,"renderAsset":null,"linearOffset":[0,0,0],"angularOffset":[0,0,0]}}},"029acd63-b7fa-4c77-a040-9ccb4e403038":{"name":"Box","tags":[],"enabled":true,"resource_id":"029acd63-b7fa-4c77-a040-9ccb4e403038","parent":"0c1538bf-3bc6-423b-b3c4-93cec9f61c94","children":[],"position":[16.5,-8.5,1.0000000298023197],"rotation":[0,0,0],"scale":[4,1,2],"components":{"render":{"enabled":true,"type":"box","asset":null,"materialAssets":[null],"layers":[0],"batchGroupId":null,"castShadows":true,"castShadowsLightmap":true,"receiveShadows":true,"lightmapped":false,"lightmapSizeMultiplier":1,"castShadowsLightMap":true,"lightMapped":false,"lightMapSizeMultiplier":1,"isStatic":false,"rootBone":null},"collision":{"enabled":true,"type":"box","halfExtents":[6,1.5,3],"radius":0.5,"axis":1,"height":2,"convexHull":false,"asset":null,"renderAsset":null,"linearOffset":[0,0,0],"angularOffset":[0,0,0]}}},"e1ed6953-77e5-43c3-8dae-f7c65000f294":{"name":"Box","tags":[],"enabled":true,"resource_id":"e1ed6953-77e5-43c3-8dae-f7c65000f294","parent":"0c1538bf-3bc6-423b-b3c4-93cec9f61c94","children":[],"position":[16.5,10.5,1.0000000298023197],"rotation":[0,0,0],"scale":[4,1,2],"components":{"render":{"enabled":true,"type":"box","asset":null,"materialAssets":[null],"layers":[0],"batchGroupId":null,"castShadows":true,"castShadowsLightmap":true,"receiveShadows":true,"lightmapped":false,"lightmapSizeMultiplier":1,"castShadowsLightMap":true,"lightMapped":false,"lightMapSizeMultiplier":1,"isStatic":false,"rootBone":null},"collision":{"enabled":true,"type":"box","halfExtents":[6,1.5,3],"radius":0.5,"axis":1,"height":2,"convexHull":false,"asset":null,"renderAsset":null,"linearOffset":[0,0,0],"angularOffset":[0,0,0]}}},"0925b3c1-048d-4178-8b49-564f0da7a808":{"name":"Box","tags":[],"enabled":true,"resource_id":"0925b3c1-048d-4178-8b49-564f0da7a808","parent":"0c1538bf-3bc6-423b-b3c4-93cec9f61c94","children":[],"position":[6.000000178813934,-1.9292431179713982,1.0000000298023228],"rotation":[0,0,0],"scale":[1,8,2],"components":{"render":{"enabled":true,"type":"box","asset":null,"materialAssets":[null],"layers":[0],"batchGroupId":null,"castShadows":true,"castShadowsLightmap":true,"receiveShadows":true,"lightmapped":false,"lightmapSizeMultiplier":1,"castShadowsLightMap":true,"lightMapped":false,"lightMapSizeMultiplier":1,"isStatic":false,"rootBone":null},"collision":{"enabled":true,"type":"box","halfExtents":[1.5,12,3],"radius":0.5,"axis":1,"height":2,"convexHull":false,"asset":null,"renderAsset":null,"linearOffset":[0,0,0],"angularOffset":[0,0,0]}}}},"checkpoint_id":"5165df16-2733-42e0-95ac-0125136c8aa2","branch_id":"1d0ec265-b6ac-4f6d-bfe5-b8cf61beeba1","id":2135024}